zoneid,ward_code,year,TOTAL_RES_1991,TOTAL_MALE_1991,TOTAL_FEMALE_1991,CHINESE_ETHNIC_1991,CHINESE_ETHNIC_MALE_1991,CHINESE_ETHNIC_FEMALE_1991,PCT_CHINESE_ETHNIC_1991,CHINESE_AGE_0_4_1991,CHINESE_AGE_5_15_1991,CHINESE_AGE_16_29_1991,CHINESE_AGE_30_PENSION_1991,CHINESE_PENSIONABLE_1991,CHINESE_LIMITING_ILLNESS_1991,CHINA_BORN_1991,PCT_CHINA_BORN_1991,CHINESE_16PLUS_1991,CHINESE_ECON_ACTIVE_1991,CHINESE_UNEMPLOYED_1991,CHINESE_HOUSEHOLDS_1991,CHINESE_OVERCROWD_GT1P5_1991,CHINESE_OWNER_OCC_1991,PCT_CHINESE_OVERCROWD_1991,PCT_CHINESE_OWNER_OCC_1991
03BNFA01,03BNFA,1991,229,125,104,14,6,8,6.11353711790393,0,2,2,6,0,4,0,0.0,20,4,0,10,0,0,0.0,0.0
03BNFA02,03BNFA,1991,348,203,145,34,20,14,9.770114942528735,0,3,14,12,1,0,31,8.908045977011493,41,15,5,25,1,0,4.0,0.0
03BNFA03,03BNFA,1991,551,342,209,7,4,3,1.2704174228675136,1,0,1,5,0,2,5,0.9074410163339383,12,3,4,6,0,0,0.0,0.0
03BNFA04,03BNFA,1991,484,230,254,21,11,10,4.338842975206612,1,7,5,8,0,1,0,0.0,15,9,2,4,0,0,0.0,0.0
03BNFA05,03BNFA,1991,216,119,97,0,0,0,0.0,0,0,0,0,0,0,0,0.0,0,0,0,0,0,0,,
03BNFA06,03BNFA,1991,370,155,215,0,0,0,0.0,0,0,0,0,0,0,0,0.0,1,1,0,0,0,0,,
03BNFA07,03BNFA,1991,609,273,336,8,3,5,1.3136288998357963,0,2,0,4,2,2,2,0.3284072249589491,16,6,1,8,0,0,0.0,0.0
03BNFA08,03BNFA,1991,661,315,346,3,2,1,0.45385779122541603,0,0,0,2,0,0,4,0.6051437216338881,2,2,1,1,0,0,0.0,0.0
03BNFA09,03BNFA,1991,396,203,193,10,4,6,2.525252525252525,0,2,5,4,0,0,0,0.0,17,11,2,10,0,3,0.0,30.0
03BNFA10,03BNFA,1991,316,147,169,16,6,10,5.063291139240507,1,2,4,8,2,1,10,3.1645569620253164,14,7,2,8,0,0,0.0,0.0
03BNFA11,03BNFA,1991,390,216,174,11,10,1,2.8205128205128207,1,2,5,2,0,0,5,1.2820512820512822,16,5,3,8,0,0,0.0,0.0
03BNFA12,03BNFA,1991,542,264,278,8,6,2,1.4760147601476015,1,3,2,2,0,2,1,0.18450184501845018,17,3,1,8,0,0,0.0,0.0
03BNFA13,03BNFA,1991,657,290,367,28,12,16,4.26179604261796,3,7,10,11,0,2,4,0.60882800608828,32,16,3,16,0,6,0.0,37.5
03BNFA14,03BNFA,1991,513,243,270,2,2,0,0.3898635477582846,0,0,0,2,0,0,2,0.3898635477582846,13,4,2,7,0,0,0.0,0.0
03BNFA15,03BNFA,1991,365,178,187,0,0,0,0.0,0,0,0,0,0,0,0,0.0,4,1,2,2,0,0,0.0,0.0
03BNFA16,03BNFA,1991,446,193,253,6,3,3,1.345291479820628,1,0,2,3,0,0,6,1.345291479820628,19,8,3,3,0,0,0.0,0.0
03BNFA18,03BNFA,1991,124,51,73,0,0,0,0.0,0,0,0,0,0,0,0,0.0,1,1,0,2,0,0,0.0,0.0
03BNFA20,03BNFA,1991,281,153,128,2,0,2,0.7117437722419929,0,0,0,0,2,2,1,0.35587188612099646,16,5,0,6,4,1,66.66666666666667,16.666666666666668
03BNFA21,03BNFA,1991,198,126,72,4,4,0,2.0202020202020203,0,0,2,2,0,0,3,1.5151515151515151,9,4,1,5,0,0,0.0,0.0
03BNFA22,03BNFA,1991,295,153,142,2,2,0,0.6779661016949152,0,0,1,0,0,0,0,0.0,6,2,1,3,0,0,0.0,0.0
03BNFA23,03BNFA,1991,453,200,253,3,1,2,0.6622516556291391,0,1,0,1,0,0,0,0.0,6,3,0,3,0,2,0.0,66.66666666666667
03BNFA24,03BNFA,1991,578,268,310,11,7,4,1.9031141868512111,2,0,1,6,1,1,7,1.2110726643598615,12,7,1,8,0,1,0.0,12.5
03BNFA25,03BNFA,1991,386,165,221,1,0,1,0.25906735751295334,0,0,0,0,2,0,0,0.0,2,2,0,0,0,0,,
03BNFA26,03BNFA,1991,0,0,0,0,0,0,,0,0,0,0,0,0,0,,0,0,0,0,0,0,,
03BNFA27,03BNFA,1991,0,0,0,0,0,0,,0,0,0,0,0,0,0,,0,0,0,0,0,0,,
03BNFA28,03BNFA,1991,180,52,128,2,1,1,1.1111111111111112,0,0,1,1,0,0,0,0.0,3,3,0,0,0,0,,
03BNFA30,03BNFA,1991,0,0,0,0,0,0,,0,0,0,0,0,0,0,,0,0,0,0,0,0,,
03BNFA31,03BNFA,1991,0,0,0,0,0,0,,0,0,0,0,0,0,0,,0,0,0,0,0,0,,
03BNFA32,03BNFA,1991,0,0,0,0,0,0,,0,0,0,0,0,0,0,,0,0,0,0,0,0,,
03BNFA33,03BNFA,1991,0,0,0,0,0,0,,0,0,0,0,0,0,0,,0,0,0,0,0,0,,
03BNFB01,03BNFB,1991,641,306,335,14,7,7,2.1840873634945397,1,4,4,4,0,2,0,0.0,15,11,0,7,0,8,0.0,114.28571428571429
03BNFB02,03BNFB,1991,697,322,375,0,0,0,0.0,0,0,0,0,0,0,0,0.0,2,2,0,1,0,1,0.0,100.0
03BNFB03,03BNFB,1991,518,245,273,0,0,0,0.0,0,0,0,0,0,0,0,0.0,4,4,0,3,0,3,0.0,100.0
03BNFB04,03BNFB,1991,397,203,194,0,0,0,0.0,0,0,0,0,0,0,0,0.0,0,0,0,0,0,0,,
03BNFB05,03BNFB,1991,551,252,299,0,0,0,0.0,0,0,0,0,0,0,0,0.0,3,2,0,2,0,2,0.0,100.0
03BNFB06,03BNFB,1991,654,297,357,0,0,0,0.0,0,0,0,0,0,0,1,0.1529051987767584,5,3,0,2,0,1,0.0,50.0
03BNFB07,03BNFB,1991,516,223,293,0,0,0,0.0,0,0,0,0,0,0,0,0.0,0,0,0,0,0,0,,
03BNFB08,03BNFB,1991,536,239,297,0,0,0,0.0,0,0,0,0,0,0,0,0.0,3,3,1,1,0,0,0.0,0.0
03BNFB09,03BNFB,1991,610,255,355,0,0,0,0.0,0,0,0,0,0,0,0,0.0,3,3,0,2,0,1,0.0,50.0
03BNFB10,03BNFB,1991,435,202,233,0,0,0,0.0,0,0,0,0,0,0,0,0.0,6,1,0,4,0,1,0.0,25.0
03BNFB11,03BNFB,1991,552,264,288,0,0,0,0.0,0,0,0,0,0,0,0,0.0,8,6,0,1,0,0,0.0,0.0
03BNFB12,03BNFB,1991,534,255,279,5,3,2,0.9363295880149812,0,1,0,1,0,0,0,0.0,3,2,0,1,0,1,0.0,100.0
03BNFB13,03BNFB,1991,677,321,356,0,0,0,0.0,0,0,0,0,0,0,0,0.0,4,4,0,0,0,0,,
03BNFB14,03BNFB,1991,531,256,275,0,0,0,0.0,0,0,0,0,0,0,0,0.0,1,1,0,0,0,0,,
03BNFB15,03BNFB,1991,532,264,268,0,0,0,0.0,0,0,0,0,0,0,0,0.0,2,2,0,2,0,2,0.0,100.0
03BNFB16,03BNFB,1991,198,109,89,0,0,0,0.0,0,0,0,0,0,0,0,0.0,1,1,0,1,0,0,0.0,0.0
03BNFB17,03BNFB,1991,357,189,168,0,0,0,0.0,0,0,0,0,0,0,0,0.0,4,4,0,5,0,0,0.0,0.0
03BNFB18,03BNFB,1991,321,144,177,0,0,0,0.0,0,0,0,0,0,0,0,0.0,2,1,0,0,0,0,,
03BNFB19,03BNFB,1991,495,228,267,6,3,3,1.2121212121212122,0,0,3,4,0,0,2,0.40404040404040403,12,8,1,2,0,2,0.0,100.0
03BNFB20,03BNFB,1991,557,258,299,0,0,0,0.0,0,0,0,0,0,0,0,0.0,0,0,0,0,0,0,,
03BNFB21,03BNFB,1991,629,300,329,10,5,5,1.589825119236884,0,4,2,4,0,0,2,0.3179650238473768,5,3,2,2,0,0,0.0,0.0
03BNFB22,03BNFB,1991,474,237,237,10,5,5,2.109704641350211,0,4,3,3,0,0,0,0.0,7,2,0,2,0,1,0.0,50.0
03BNFB23,03BNFB,1991,516,244,272,0,0,0,0.0,0,0,0,0,0,0,0,0.0,0,0,0,0,0,0,,
03BNFB24,03BNFB,1991,131,38,93,2,1,1,1.5267175572519085,0,0,2,0,0,0,0,0.0,3,3,0,0,0,0,,
03BNFC01,03BNFC,1991,524,234,290,0,0,0,0.0,0,0,0,0,0,0,0,0.0,0,0,0,0,0,0,,
03BNFC02,03BNFC,1991,491,218,273,0,0,0,0.0,0,0,0,0,0,0,0,0.0,11,5,2,2,0,1,0.0,50.0
03BNFC03,03BNFC,1991,536,241,295,0,0,0,0.0,0,0,0,0,0,0,0,0.0,8,4,2,5,0,2,0.0,40.0
03BNFC04,03BNFC,1991,398,186,212,0,0,0,0.0,0,0,0,0,0,0,0,0.0,4,3,0,3,0,4,0.0,133.33333333333334
03BNFC05,03BNFC,1991,535,250,285,7,3,4,1.308411214953271,0,0,3,4,0,0,2,0.37383177570093457,25,18,2,10,0,8,0.0,80.0
03BNFC06,03BNFC,1991,263,135,128,2,0,2,0.7604562737642585,0,0,0,2,0,0,0,0.0,3,2,1,0,0,0,,
03BNFC07,03BNFC,1991,372,190,182,2,1,1,0.5376344086021505,0,0,2,0,0,0,0,0.0,9,2,1,6,0,3,0.0,50.0
03BNFC08,03BNFC,1991,474,231,243,3,2,1,0.6329113924050633,0,0,1,2,0,0,2,0.4219409282700422,22,15,2,7,0,4,0.0,57.142857142857146
03BNFC09,03BNFC,1991,348,160,188,0,0,0,0.0,0,0,0,0,0,0,0,0.0,5,4,0,4,0,3,0.0,75.0
03BNFC10,03BNFC,1991,197,83,114,3,2,1,1.5228426395939085,0,0,1,1,0,0,0,0.0,6,5,0,3,0,3,0.0,100.0
03BNFC11,03BNFC,1991,421,198,223,1,1,0,0.2375296912114014,0,0,1,2,0,0,1,0.2375296912114014,28,13,11,12,0,1,0.0,8.333333333333334
03BNFC12,03BNFC,1991,304,154,150,1,1,0,0.32894736842105265,0,0,1,0,0,0,0,0.0,13,10,2,12,0,3,0.0,25.0
03BNFC13,03BNFC,1991,154,80,74,0,0,0,0.0,0,0,0,0,0,0,0,0.0,2,2,1,2,0,0,0.0,0.0
03BNFC14,03BNFC,1991,471,213,258,0,0,0,0.0,0,0,0,0,0,0,0,0.0,18,12,3,7,1,2,14.285714285714286,28.571428571428573
03BNFC15,03BNFC,1991,531,224,307,2,2,0,0.3766478342749529,0,0,0,1,0,0,0,0.0,4,2,0,3,0,1,0.0,33.333333333333336
03BNFC16,03BNFC,1991,497,236,261,0,0,0,0.0,0,0,0,0,0,0,0,0.0,4,2,0,1,0,0,0.0,0.0
03BNFC17,03BNFC,1991,555,259,296,1,0,1,0.18018018018018017,0,0,1,0,0,0,0,0.0,4,3,1,2,0,1,0.0,50.0
03BNFC18,03BNFC,1991,536,263,273,1,1,0,0.1865671641791045,0,0,1,0,0,0,0,0.0,9,3,0,4,0,3,0.0,75.0
03BNFC19,03BNFC,1991,455,225,230,0,0,0,0.0,0,0,0,0,0,0,0,0.0,4,3,0,3,0,2,0.0,66.66666666666667
03BNFC20,03BNFC,1991,366,168,198,0,0,0,0.0,0,0,0,0,0,0,0,0.0,4,4,1,2,0,3,0.0,150.0
03BNFC21,03BNFC,1991,385,193,192,0,0,0,0.0,0,0,0,0,0,0,0,0.0,13,12,2,8,0,4,0.0,50.0
03BNFC22,03BNFC,1991,284,135,149,0,0,0,0.0,0,0,0,0,0,0,0,0.0,19,11,2,9,1,4,11.11111111111111,44.44444444444444
03BNFC23,03BNFC,1991,269,150,119,4,2,2,1.486988847583643,0,0,4,0,0,0,0,0.0,5,0,0,2,1,0,50.0,0.0
03BNFC24,03BNFC,1991,443,203,240,1,0,1,0.22573363431151242,0,0,2,0,0,0,0,0.0,5,2,0,3,0,0,0.0,0.0
03BNFC25,03BNFC,1991,583,287,296,0,0,0,0.0,0,0,0,0,0,0,0,0.0,3,2,2,2,0,2,0.0,100.0
03BNFC26,03BNFC,1991,484,235,249,6,3,3,1.2396694214876034,1,2,2,0,0,0,1,0.2066115702479339,5,2,1,4,0,1,0.0,25.0
03BNFC27,03BNFC,1991,419,195,224,0,0,0,0.0,0,0,0,0,0,0,0,0.0,6,2,0,2,0,0,0.0,0.0
03BNFC28,03BNFC,1991,482,239,243,8,3,5,1.6597510373443984,1,0,4,3,1,1,3,0.6224066390041494,11,7,3,6,0,2,0.0,33.333333333333336
03BNFC29,03BNFC,1991,484,232,252,0,0,0,0.0,0,0,0,0,0,0,0,0.0,5,3,1,4,0,0,0.0,0.0
03BNFC30,03BNFC,1991,0,0,0,0,0,0,,0,0,0,0,0,0,0,,0,0,0,0,0,0,,
03BNFC31,03BNFC,1991,260,89,171,8,6,2,3.076923076923077,0,0,5,2,0,0,1,0.38461538461538464,13,9,1,0,0,0,,
03BNFC32,03BNFC,1991,0,0,0,0,0,0,,0,0,0,0,0,0,0,,0,0,0,0,0,0,,
03BNFC33,03BNFC,1991,0,0,0,0,0,0,,0,0,0,0,0,0,0,,0,0,0,0,0,0,,
03BNFC34,03BNFC,1991,0,0,0,0,0,0,,0,0,0,0,0,0,0,,0,0,0,0,0,0,,
03BNFD01,03BNFD,1991,522,236,286,1,1,0,0.19157088122605365,0,0,0,1,0,0,1,0.19157088122605365,1,1,2,3,0,0,0.0,0.0
03BNFD02,03BNFD,1991,548,237,311,4,1,3,0.7299270072992701,0,2,0,2,0,0,0,0.0,2,1,0,1,0,2,0.0,200.0
03BNFD03,03BNFD,1991,580,285,295,0,0,0,0.0,0,0,0,0,0,0,0,0.0,2,1,0,2,0,0,0.0,0.0
03BNFD04,03BNFD,1991,431,208,223,0,0,0,0.0,0,0,0,0,0,0,0,0.0,2,0,0,0,0,0,,
03BNFD05,03BNFD,1991,406,196,210,0,0,0,0.0,0,0,0,0,0,0,0,0.0,3,2,0,3,0,0,0.0,0.0
03BNFD06,03BNFD,1991,536,256,280,0,0,0,0.0,0,0,0,0,0,0,0,0.0,1,0,1,1,0,0,0.0,0.0
03BNFD07,03BNFD,1991,630,283,347,0,0,0,0.0,0,0,0,0,0,0,0,0.0,1,1,1,0,0,0,,
03BNFD08,03BNFD,1991,624,303,321,5,3,2,0.8012820512820513,0,0,0,1,1,1,0,0.0,4,3,0,3,0,0,0.0,0.0
03BNFD09,03BNFD,1991,657,312,345,0,0,0,0.0,0,0,0,2,0,0,0,0.0,6,5,0,3,0,0,0.0,0.0
03BNFD10,03BNFD,1991,609,277,332,0,0,0,0.0,0,0,0,0,0,0,0,0.0,0,0,0,0,0,0,,
03BNFD11,03BNFD,1991,338,156,182,0,0,0,0.0,0,0,0,0,0,0,0,0.0,0,0,0,0,0,0,,
03BNFD12,03BNFD,1991,461,215,246,0,0,0,0.0,0,0,0,0,0,0,0,0.0,2,2,0,1,0,1,0.0,100.0
03BNFD13,03BNFD,1991,511,239,272,2,1,1,0.3913894324853229,0,0,2,0,0,0,0,0.0,3,3,0,1,0,0,0.0,0.0
03BNFD14,03BNFD,1991,491,220,271,0,0,0,0.0,0,0,0,0,0,0,0,0.0,1,0,0,0,0,0,,
03BNFD15,03BNFD,1991,507,234,273,0,0,0,0.0,0,0,0,0,0,0,0,0.0,0,0,0,0,0,0,,
03BNFD16,03BNFD,1991,377,174,203,0,0,0,0.0,0,0,0,0,0,0,0,0.0,1,0,0,0,0,0,,
03BNFD17,03BNFD,1991,578,287,291,3,1,2,0.5190311418685121,0,1,0,1,0,0,0,0.0,2,1,0,1,0,0,0.0,0.0
03BNFD18,03BNFD,1991,485,248,237,0,0,0,0.0,0,0,0,0,0,0,0,0.0,2,2,1,0,0,0,,
03BNFD19,03BNFD,1991,538,245,293,0,0,0,0.0,0,0,0,0,0,0,0,0.0,0,0,0,0,0,0,,
03BNFD20,03BNFD,1991,485,217,268,0,0,0,0.0,0,0,0,0,0,0,0,0.0,0,0,0,0,0,0,,
03BNFD21,03BNFD,1991,331,123,208,0,0,0,0.0,0,0,0,0,0,0,0,0.0,1,0,0,2,0,0,0.0,0.0
03BNFD22,03BNFD,1991,499,226,273,0,0,0,0.0,0,0,0,0,0,0,0,0.0,1,0,0,1,0,0,0.0,0.0
03BNFD23,03BNFD,1991,618,287,331,0,0,0,0.0,0,0,0,0,0,0,0,0.0,0,0,0,0,0,0,,
03BNFD24,03BNFD,1991,561,261,300,0,0,0,0.0,0,0,0,0,0,0,0,0.0,1,0,0,1,0,0,0.0,0.0
03BNFD25,03BNFD,1991,454,215,239,0,0,0,0.0,0,0,0,0,0,0,0,0.0,2,1,0,1,0,0,0.0,0.0
03BNFE01,03BNFE,1991,295,148,147,0,0,0,0.0,0,0,0,0,0,0,0,0.0,0,0,0,0,0,0,,
03BNFE02,03BNFE,1991,550,236,314,0,0,0,0.0,0,0,0,0,0,0,0,0.0,4,3,1,4,0,0,0.0,0.0
03BNFE03,03BNFE,1991,464,216,248,0,0,0,0.0,0,0,0,0,0,0,0,0.0,2,0,0,0,0,0,,
03BNFE04,03BNFE,1991,597,285,312,0,0,0,0.0,0,0,0,0,0,0,0,0.0,2,2,1,0,0,0,,
03BNFE05,03BNFE,1991,647,329,318,0,0,0,0.0,0,0,0,0,0,0,0,0.0,0,0,0,0,0,0,,
03BNFE06,03BNFE,1991,581,271,310,0,0,0,0.0,0,0,0,0,0,0,0,0.0,1,1,0,1,0,0,0.0,0.0
03BNFE07,03BNFE,1991,540,259,281,0,0,0,0.0,0,0,0,0,0,0,0,0.0,1,1,0,1,0,1,0.0,100.0
03BNFE08,03BNFE,1991,645,311,334,4,2,2,0.6201550387596899,0,2,0,2,0,0,0,0.0,3,2,0,1,0,1,0.0,100.0
03BNFE09,03BNFE,1991,636,283,353,0,0,0,0.0,0,0,0,0,0,0,0,0.0,0,0,0,0,0,0,,
03BNFE10,03BNFE,1991,512,252,260,6,4,2,1.171875,0,2,0,4,0,0,0,0.0,6,5,0,3,0,0,0.0,0.0
03BNFE11,03BNFE,1991,462,194,268,0,0,0,0.0,0,0,0,0,0,0,0,0.0,3,3,0,0,0,0,,
03BNFE12,03BNFE,1991,403,182,221,3,2,1,0.7444168734491315,0,0,1,1,2,1,0,0.0,8,3,1,5,0,3,0.0,60.0
03BNFE13,03BNFE,1991,502,238,264,0,0,0,0.0,0,0,0,0,0,0,0,0.0,1,1,0,0,0,0,,
03BNFE14,03BNFE,1991,497,246,251,7,4,3,1.408450704225352,2,0,2,3,0,0,1,0.2012072434607646,4,1,0,2,0,1,0.0,50.0
03BNFE15,03BNFE,1991,626,314,312,0,0,0,0.0,0,0,0,0,0,0,0,0.0,2,0,0,2,0,0,0.0,0.0
03BNFE16,03BNFE,1991,566,260,306,8,3,5,1.4134275618374559,0,1,4,2,0,0,3,0.5300353356890459,6,4,0,3,0,2,0.0,66.66666666666667
03BNFE17,03BNFE,1991,474,222,252,0,0,0,0.0,0,0,0,0,0,0,0,0.0,0,0,0,0,0,0,,
03BNFE18,03BNFE,1991,289,132,157,11,7,4,3.8062283737024223,1,0,7,2,1,0,1,0.3460207612456747,17,9,2,8,0,4,0.0,50.0
03BNFE19,03BNFE,1991,362,169,193,30,15,15,8.287292817679559,5,7,5,10,2,1,0,0.0,22,12,5,10,1,6,10.0,60.0
03BNFE20,03BNFE,1991,446,214,232,5,2,3,1.1210762331838564,0,1,2,2,0,0,0,0.0,5,3,0,1,0,0,0.0,0.0
03BNFE21,03BNFE,1991,433,215,218,9,3,6,2.0785219399538106,0,6,0,4,0,0,2,0.4618937644341801,6,4,1,3,0,0,0.0,0.0
03BNFE22,03BNFE,1991,456,204,252,0,0,0,0.0,0,0,0,0,0,0,0,0.0,1,1,1,1,0,0,0.0,0.0
03BNFE23,03BNFE,1991,427,204,223,0,0,0,0.0,0,0,0,0,0,0,0,0.0,5,3,1,0,0,0,,
03BNFE24,03BNFE,1991,375,197,178,0,0,0,0.0,0,0,0,0,0,0,0,0.0,5,3,3,1,0,0,0.0,0.0
03BNFE26,03BNFE,1991,0,0,0,0,0,0,,0,0,0,0,0,0,0,,0,0,0,0,0,0,,
03BNFF01,03BNFF,1991,548,250,298,0,0,0,0.0,0,0,0,0,0,0,0,0.0,0,0,0,0,0,0,,
03BNFF02,03BNFF,1991,559,264,295,38,18,20,6.797853309481217,3,8,15,10,1,0,3,0.5366726296958855,27,19,1,12,0,11,0.0,91.66666666666667
03BNFF03,03BNFF,1991,499,246,253,0,0,0,0.0,0,0,0,0,0,0,0,0.0,2,2,1,1,0,0,0.0,0.0
03BNFF04,03BNFF,1991,474,221,253,2,1,1,0.4219409282700422,0,0,2,0,0,0,0,0.0,4,4,0,2,0,1,0.0,50.0
03BNFF05,03BNFF,1991,536,254,282,0,0,0,0.0,0,0,0,0,0,0,0,0.0,6,6,0,2,0,1,0.0,50.0
03BNFF06,03BNFF,1991,616,288,328,0,0,0,0.0,0,0,0,0,0,0,0,0.0,0,0,0,0,0,0,,
03BNFF07,03BNFF,1991,480,211,269,5,3,2,1.0416666666666667,1,0,0,2,2,2,0,0.0,5,2,1,2,0,0,0.0,0.0
03BNFF08,03BNFF,1991,458,196,262,0,0,0,0.0,0,0,0,0,0,0,0,0.0,0,0,0,0,0,0,,
03BNFF09,03BNFF,1991,562,275,287,12,6,6,2.1352313167259784,1,2,4,5,0,0,2,0.35587188612099646,9,6,4,4,0,0,0.0,0.0
03BNFF10,03BNFF,1991,623,280,343,14,5,9,2.247191011235955,1,3,5,6,2,1,0,0.0,12,9,4,6,0,1,0.0,16.666666666666668
03BNFF11,03BNFF,1991,530,254,276,2,2,0,0.37735849056603776,0,0,2,1,0,0,0,0.0,7,3,0,2,0,2,0.0,100.0
03BNFF12,03BNFF,1991,521,231,290,0,0,0,0.0,0,0,0,0,0,0,0,0.0,1,0,0,1,0,0,0.0,0.0
03BNFF13,03BNFF,1991,442,212,230,0,0,0,0.0,0,0,0,0,0,0,0,0.0,0,0,0,0,0,0,,
03BNFF14,03BNFF,1991,556,258,298,3,1,2,0.539568345323741,0,0,1,2,0,0,0,0.0,6,4,0,3,0,3,0.0,100.0
03BNFF15,03BNFF,1991,534,236,298,7,4,3,1.3108614232209739,0,1,3,2,0,0,0,0.0,7,2,2,1,0,0,0.0,0.0
03BNFF16,03BNFF,1991,468,218,250,0,0,0,0.0,0,0,0,0,0,0,0,0.0,3,1,0,0,0,0,,
03BNFF17,03BNFF,1991,578,261,317,0,0,0,0.0,0,0,0,0,0,0,0,0.0,1,1,0,1,0,0,0.0,0.0
03BNFF18,03BNFF,1991,519,245,274,0,0,0,0.0,0,0,0,0,0,0,0,0.0,1,1,0,0,0,0,,
03BNFF19,03BNFF,1991,549,251,298,0,0,0,0.0,0,0,0,0,0,0,0,0.0,5,1,0,1,0,0,0.0,0.0
03BNFF20,03BNFF,1991,470,225,245,0,0,0,0.0,0,0,0,0,0,0,0,0.0,0,0,0,0,0,0,,
03BNFF21,03BNFF,1991,275,156,119,0,0,0,0.0,0,0,0,0,0,0,0,0.0,2,1,0,1,0,0,0.0,0.0
03BNFF22,03BNFF,1991,461,216,245,0,0,0,0.0,0,0,0,0,0,0,0,0.0,0,0,0,0,0,0,,
03BNFF23,03BNFF,1991,134,83,51,0,0,0,0.0,0,0,0,0,0,0,0,0.0,0,0,0,0,0,0,,
03BNFF24,03BNFF,1991,480,234,246,4,0,4,0.8333333333333334,0,2,0,3,0,0,4,0.8333333333333334,7,4,1,4,0,0,0.0,0.0
03BNFF25,03BNFF,1991,51,1,50,0,0,0,0.0,0,0,0,0,0,0,0,0.0,0,0,0,0,0,0,,
03BNFG01,03BNFG,1991,413,199,214,0,0,0,0.0,0,0,0,0,0,0,0,0.0,3,1,0,3,0,0,0.0,0.0
03BNFG02,03BNFG,1991,266,127,139,1,1,0,0.37593984962406013,0,0,0,1,0,1,0,0.0,1,1,0,1,0,0,0.0,0.0
03BNFG03,03BNFG,1991,353,159,194,5,2,3,1.4164305949008498,0,0,4,0,0,0,4,1.13314447592068,4,2,0,2,0,0,0.0,0.0
03BNFG04,03BNFG,1991,349,163,186,0,0,0,0.0,0,0,0,0,0,0,0,0.0,0,0,0,0,0,0,,
03BNFG05,03BNFG,1991,357,165,192,23,11,12,6.442577030812325,3,5,9,7,0,2,2,0.5602240896358543,21,9,4,6,0,2,0.0,33.333333333333336
03BNFG06,03BNFG,1991,355,173,182,0,0,0,0.0,0,0,0,0,0,0,0,0.0,4,2,0,2,0,1,0.0,50.0
03BNFG07,03BNFG,1991,214,91,123,0,0,0,0.0,0,0,0,0,0,0,0,0.0,0,0,0,0,0,0,,
03BNFG08,03BNFG,1991,350,168,182,9,4,5,2.5714285714285716,1,2,2,3,3,1,0,0.0,7,2,0,3,2,0,66.66666666666667,0.0
03BNFG09,03BNFG,1991,644,325,319,0,0,0,0.0,0,0,0,0,0,0,0,0.0,0,0,0,0,0,0,,
03BNFG10,03BNFG,1991,296,135,161,3,2,1,1.0135135135135136,0,1,0,2,0,1,0,0.0,2,1,0,2,0,1,0.0,50.0
03BNFG11,03BNFG,1991,523,245,278,0,0,0,0.0,0,0,0,0,0,0,0,0.0,4,3,3,4,0,1,0.0,25.0
03BNFG12,03BNFG,1991,466,217,249,0,0,0,0.0,0,0,0,0,0,0,0,0.0,1,0,0,1,0,0,0.0,0.0
03BNFG13,03BNFG,1991,620,295,325,0,0,0,0.0,0,0,0,0,0,0,0,0.0,2,2,0,0,0,0,,
03BNFG14,03BNFG,1991,457,204,253,0,0,0,0.0,0,0,0,0,0,0,0,0.0,1,1,0,1,1,0,100.0,0.0
03BNFG15,03BNFG,1991,382,183,199,0,0,0,0.0,0,0,0,0,0,0,0,0.0,1,0,0,0,0,0,,
03BNFG16,03BNFG,1991,523,241,282,0,0,0,0.0,0,0,0,0,0,0,0,0.0,1,1,1,0,0,0,,
03BNFG17,03BNFG,1991,454,223,231,0,0,0,0.0,0,0,0,0,0,0,0,0.0,0,0,0,0,0,0,,
03BNFG18,03BNFG,1991,435,215,220,0,0,0,0.0,0,0,0,0,0,0,0,0.0,1,0,0,2,0,0,0.0,0.0
03BNFG19,03BNFG,1991,450,212,238,8,4,4,1.7777777777777777,0,1,2,5,0,2,0,0.0,12,10,0,3,0,3,0.0,100.0
03BNFG20,03BNFG,1991,711,343,368,3,3,0,0.4219409282700422,0,0,3,0,0,0,0,0.0,3,0,0,1,0,0,0.0,0.0
03BNFG21,03BNFG,1991,613,286,327,4,2,2,0.6525285481239804,0,2,0,3,0,0,0,0.0,2,2,0,1,0,1,0.0,100.0
03BNFG22,03BNFG,1991,599,317,282,4,4,0,0.667779632721202,0,0,3,0,0,0,1,0.1669449081803005,4,0,0,1,0,0,0.0,0.0
03BNFG23,03BNFG,1991,390,172,218,0,0,0,0.0,0,0,0,0,0,0,0,0.0,0,0,0,0,0,0,,
03BNFG24,03BNFG,1991,389,155,234,0,0,0,0.0,0,0,0,0,0,0,0,0.0,1,1,0,0,0,0,,
03BNFG25,03BNFG,1991,450,239,211,0,0,0,0.0,0,0,0,0,0,0,0,0.0,1,1,0,2,0,1,0.0,50.0
03BNFG26,03BNFG,1991,541,280,261,0,0,0,0.0,0,0,0,0,0,0,0,0.0,2,2,0,0,0,2,,
03BNFH01,03BNFH,1991,654,311,343,0,0,0,0.0,0,0,0,0,0,0,0,0.0,4,3,0,2,0,2,0.0,100.0
03BNFH02,03BNFH,1991,504,221,283,0,0,0,0.0,0,0,0,0,0,0,0,0.0,5,4,2,3,0,2,0.0,66.66666666666667
03BNFH03,03BNFH,1991,554,273,281,9,5,4,1.6245487364620939,2,1,3,4,0,0,0,0.0,16,8,0,8,0,7,0.0,87.5
03BNFH04,03BNFH,1991,185,85,100,16,8,8,8.64864864864865,1,4,2,6,3,0,0,0.0,11,7,0,3,1,4,33.333333333333336,133.33333333333334
03BNFH05,03BNFH,1991,454,210,244,0,0,0,0.0,0,0,0,0,0,0,0,0.0,2,1,0,0,0,0,,
03BNFH06,03BNFH,1991,464,233,231,0,0,0,0.0,0,0,0,0,0,0,0,0.0,2,2,0,1,0,0,0.0,0.0
03BNFH07,03BNFH,1991,476,207,269,2,1,1,0.42016806722689076,0,0,1,1,0,0,0,0.0,4,4,0,2,0,2,0.0,100.0
03BNFH08,03BNFH,1991,465,214,251,0,0,0,0.0,0,0,0,0,0,0,0,0.0,0,0,0,1,0,0,0.0,0.0
03BNFH09,03BNFH,1991,554,241,313,0,0,0,0.0,0,0,0,0,0,0,0,0.0,5,3,3,5,0,0,0.0,0.0
03BNFH10,03BNFH,1991,369,170,199,0,0,0,0.0,0,0,0,0,0,0,0,0.0,3,0,0,3,0,1,0.0,33.333333333333336
03BNFH11,03BNFH,1991,466,219,247,0,0,0,0.0,0,0,0,0,0,0,0,0.0,7,6,3,4,0,1,0.0,25.0
03BNFH12,03BNFH,1991,258,112,146,0,0,0,0.0,0,0,0,0,0,0,0,0.0,1,1,0,0,0,2,,
03BNFH13,03BNFH,1991,548,263,285,8,4,4,1.4598540145985401,0,0,3,4,1,0,4,0.7299270072992701,20,13,2,5,0,6,0.0,120.0
03BNFH14,03BNFH,1991,432,211,221,0,0,0,0.0,0,0,0,0,0,0,0,0.0,1,1,0,1,0,0,0.0,0.0
03BNFH15,03BNFH,1991,502,215,287,0,0,0,0.0,0,0,0,0,0,0,0,0.0,0,0,0,0,0,0,,
03BNFH16,03BNFH,1991,532,240,292,0,0,0,0.0,0,0,0,0,0,0,0,0.0,3,3,0,2,0,0,0.0,0.0
03BNFH17,03BNFH,1991,421,182,239,0,0,0,0.0,0,0,0,0,0,0,0,0.0,0,0,0,0,0,0,,
03BNFH18,03BNFH,1991,497,243,254,1,1,0,0.2012072434607646,0,0,1,0,0,0,0,0.0,1,1,1,0,0,0,,
03BNFH19,03BNFH,1991,622,285,337,0,0,0,0.0,0,0,0,0,0,0,0,0.0,0,0,0,0,0,0,,
03BNFH20,03BNFH,1991,409,176,233,0,0,0,0.0,0,0,0,0,0,0,0,0.0,2,2,0,1,0,1,0.0,100.0
03BNFH21,03BNFH,1991,170,74,96,0,0,0,0.0,0,0,0,0,0,0,0,0.0,0,0,0,0,0,0,,
03BNFH22,03BNFH,1991,153,71,82,0,0,0,0.0,0,0,0,0,0,0,0,0.0,1,0,0,1,0,1,0.0,100.0
03BNFH23,03BNFH,1991,590,272,318,0,0,0,0.0,0,0,0,0,0,0,0,0.0,3,3,1,2,0,0,0.0,0.0
03BNFH24,03BNFH,1991,579,262,317,0,0,0,0.0,0,0,0,0,0,0,0,0.0,0,0,0,0,0,0,,
03BNFH25,03BNFH,1991,574,258,316,0,0,0,0.0,0,0,0,0,0,0,0,0.0,6,3,0,3,0,1,0.0,33.333333333333336
03BNFH26,03BNFH,1991,465,220,245,0,0,0,0.0,0,0,0,0,0,0,0,0.0,3,2,1,0,0,0,,
03BNFH27,03BNFH,1991,546,262,284,6,3,3,1.098901098901099,0,0,2,2,1,0,1,0.18315018315018314,8,6,1,2,0,1,0.0,50.0
03BNFJ01,03BNFJ,1991,524,253,271,5,3,2,0.9541984732824428,0,0,0,2,1,0,3,0.5725190839694656,14,5,1,5,0,3,0.0,60.0
03BNFJ02,03BNFJ,1991,569,288,281,9,3,6,1.5817223198594024,0,0,0,2,4,2,4,0.70298769771529,7,2,0,4,0,4,0.0,100.0
03BNFJ03,03BNFJ,1991,713,353,360,0,0,0,0.0,0,0,0,0,0,0,0,0.0,4,2,2,2,1,0,50.0,0.0
03BNFJ04,03BNFJ,1991,649,320,329,2,1,1,0.3081664098613251,0,0,2,0,0,2,0,0.0,10,5,1,2,1,1,50.0,50.0
03BNFJ05,03BNFJ,1991,438,222,216,13,6,7,2.9680365296803655,1,2,2,6,2,2,4,0.91324200913242,17,8,0,8,0,7,0.0,87.5
03BNFJ06,03BNFJ,1991,568,250,318,0,0,0,0.0,0,0,0,0,0,0,0,0.0,3,1,0,1,0,1,0.0,100.0
03BNFJ07,03BNFJ,1991,657,309,348,1,1,0,0.15220700152207,0,0,1,0,0,0,0,0.0,1,1,0,1,0,1,0.0,100.0
03BNFJ08,03BNFJ,1991,542,250,292,0,0,0,0.0,0,0,0,0,0,0,0,0.0,3,3,0,1,0,0,0.0,0.0
03BNFJ09,03BNFJ,1991,544,232,312,0,0,0,0.0,0,0,0,0,0,0,0,0.0,4,4,0,2,0,3,0.0,150.0
03BNFJ10,03BNFJ,1991,492,213,279,0,0,0,0.0,0,0,0,0,0,0,0,0.0,1,1,1,1,0,0,0.0,0.0
03BNFJ11,03BNFJ,1991,524,246,278,9,4,5,1.717557251908397,1,0,5,2,0,0,3,0.5725190839694656,9,3,2,2,0,2,0.0,100.0
03BNFJ12,03BNFJ,1991,615,287,328,6,3,3,0.975609756097561,0,0,4,2,0,0,1,0.16260162601626016,15,8,1,9,0,3,0.0,33.333333333333336
03BNFJ13,03BNFJ,1991,625,284,341,0,0,0,0.0,0,0,0,0,0,0,0,0.0,2,0,0,1,0,1,0.0,100.0
03BNFJ14,03BNFJ,1991,550,246,304,0,0,0,0.0,0,0,0,0,0,0,0,0.0,6,4,0,3,0,1,0.0,33.333333333333336
03BNFJ15,03BNFJ,1991,572,249,323,19,9,10,3.3216783216783217,4,4,4,7,0,0,3,0.5244755244755245,17,14,2,7,0,4,0.0,57.142857142857146
03BNFJ16,03BNFJ,1991,530,252,278,2,1,1,0.37735849056603776,0,0,2,0,0,0,2,0.37735849056603776,5,2,1,2,0,1,0.0,50.0
03BNFJ17,03BNFJ,1991,536,242,294,2,1,1,0.373134328358209,0,1,1,0,0,0,0,0.0,4,2,0,2,0,1,0.0,50.0
03BNFJ18,03BNFJ,1991,600,291,309,2,1,1,0.3333333333333333,0,0,2,0,0,0,0,0.0,7,5,1,5,0,3,0.0,60.0
03BNFJ19,03BNFJ,1991,579,277,302,0,0,0,0.0,0,0,0,0,0,0,0,0.0,6,2,0,3,0,0,0.0,0.0
03BNFJ20,03BNFJ,1991,521,218,303,0,0,0,0.0,0,0,0,0,0,0,0,0.0,4,2,0,3,0,0,0.0,0.0
03BNFJ21,03BNFJ,1991,581,264,317,0,0,0,0.0,0,0,0,0,0,0,0,0.0,2,1,0,0,0,0,,
03BNFJ22,03BNFJ,1991,557,272,285,3,2,1,0.5385996409335727,0,2,0,1,0,0,0,0.0,13,11,0,5,0,4,0.0,80.0
03BNFJ23,03BNFJ,1991,353,163,190,3,2,1,0.8498583569405099,0,0,0,2,0,0,0,0.0,4,4,0,3,0,4,0.0,133.33333333333334
03BNFJ24,03BNFJ,1991,521,255,266,9,3,6,1.727447216890595,0,0,4,4,0,0,3,0.5758157389635317,15,7,0,5,0,4,0.0,80.0
03BNFJ25,03BNFJ,1991,493,239,254,6,4,2,1.2170385395537526,0,2,1,3,0,0,0,0.0,12,8,2,6,0,2,0.0,33.333333333333336
03BNFK01,03BNFK,1991,340,180,160,11,6,5,3.235294117647059,1,1,6,2,0,0,5,1.4705882352941178,13,6,3,5,0,0,0.0,0.0
03BNFK02,03BNFK,1991,479,220,259,0,0,0,0.0,0,0,0,0,0,0,0,0.0,3,3,2,0,0,0,,
03BNFK03,03BNFK,1991,458,209,249,2,2,0,0.4366812227074236,0,0,2,2,0,2,0,0.0,6,2,2,2,0,0,0.0,0.0
03BNFK04,03BNFK,1991,526,249,277,9,5,4,1.7110266159695817,3,1,2,4,0,0,0,0.0,13,6,2,5,0,3,0.0,60.0
03BNFK05,03BNFK,1991,330,152,178,7,5,2,2.121212121212121,2,4,0,2,0,0,0,0.0,5,3,1,3,0,0,0.0,0.0
03BNFK06,03BNFK,1991,278,132,146,1,1,0,0.3597122302158273,0,0,1,0,0,1,0,0.0,1,0,0,1,0,0,0.0,0.0
03BNFK07,03BNFK,1991,491,216,275,6,4,2,1.2219959266802445,2,0,2,2,0,0,0,0.0,6,1,2,5,0,1,0.0,20.0
03BNFK08,03BNFK,1991,607,273,334,0,0,0,0.0,0,0,0,0,0,0,0,0.0,11,8,0,4,0,4,0.0,100.0
03BNFK09,03BNFK,1991,278,154,124,0,0,0,0.0,0,0,0,0,0,0,0,0.0,4,4,3,1,0,0,0.0,0.0
03BNFK10,03BNFK,1991,252,137,115,0,0,0,0.0,0,0,0,0,0,0,0,0.0,1,0,0,1,0,0,0.0,0.0
03BNFK11,03BNFK,1991,321,173,148,0,0,0,0.0,0,0,0,0,0,0,0,0.0,3,1,0,1,0,0,0.0,0.0
03BNFK12,03BNFK,1991,232,165,67,0,0,0,0.0,0,0,0,0,0,0,0,0.0,0,0,0,0,0,0,,
03BNFK13,03BNFK,1991,361,160,201,2,1,1,0.554016620498615,0,0,0,0,0,0,0,0.0,2,1,1,1,0,0,0.0,0.0
03BNFK14,03BNFK,1991,456,211,245,29,17,12,6.359649122807017,4,16,1,7,0,0,0,0.0,23,13,5,11,3,0,27.272727272727273,0.0
03BNFK15,03BNFK,1991,443,206,237,0,0,0,0.0,0,0,0,0,0,0,0,0.0,2,2,0,1,0,2,0.0,200.0
03BNFK16,03BNFK,1991,297,128,169,1,1,0,0.3367003367003367,0,1,0,1,0,2,0,0.0,3,1,3,2,0,2,0.0,100.0
03BNFK17,03BNFK,1991,543,242,301,9,3,6,1.6574585635359116,1,3,0,3,1,2,0,0.0,4,0,0,2,0,0,0.0,0.0
03BNFK18,03BNFK,1991,347,191,156,2,2,0,0.5763688760806917,0,0,1,0,0,0,0,0.0,2,2,2,1,0,0,0.0,0.0
03BNFK19,03BNFK,1991,355,183,172,6,3,3,1.6901408450704225,0,4,0,3,0,0,0,0.0,6,4,1,2,0,0,0.0,0.0
03BNFK20,03BNFK,1991,496,221,275,10,6,4,2.0161290322580645,0,6,1,4,0,1,0,0.0,15,6,5,9,0,0,0.0,0.0
03BNFK21,03BNFK,1991,172,99,73,0,0,0,0.0,0,0,0,0,0,0,0,0.0,0,0,0,0,0,0,,
03BNFK22,03BNFK,1991,173,109,64,39,16,23,22.54335260115607,0,0,1,4,34,14,7,4.046242774566474,41,5,0,34,0,0,0.0,0.0
03BNFK23,03BNFK,1991,71,44,27,0,0,0,0.0,0,0,0,0,0,0,0,0.0,2,2,0,1,0,0,0.0,0.0
03BNFK24,03BNFK,1991,150,91,59,1,0,1,0.6666666666666666,0,0,0,1,0,0,0,0.0,5,2,0,3,0,3,0.0,100.0
03BNFK25,03BNFK,1991,74,41,33,0,0,0,0.0,0,0,0,0,0,0,0,0.0,0,0,0,0,0,0,,
03BNFK26,03BNFK,1991,180,111,69,3,0,3,1.6666666666666667,2,0,0,1,0,0,0,0.0,3,3,0,3,0,0,0.0,0.0
03BNFK27,03BNFK,1991,0,0,0,0,0,0,,0,0,0,0,0,0,0,,0,0,0,0,0,0,,
03BNFK28,03BNFK,1991,82,54,28,1,1,0,1.2195121951219512,0,0,0,2,0,0,0,0.0,7,5,0,4,0,3,0.0,75.0
03BNFK29,03BNFK,1991,0,0,0,0,0,0,,0,0,0,0,0,0,0,,0,0,0,0,0,0,,
03BNFK30,03BNFK,1991,67,52,15,0,0,0,0.0,0,0,0,0,0,0,0,0.0,0,0,0,0,0,0,,
03BNFK32,03BNFK,1991,0,0,0,0,0,0,,0,0,0,0,0,0,0,,0,0,0,0,0,0,,
03BNFK33,03BNFK,1991,0,0,0,0,0,0,,0,0,0,0,0,0,0,,0,0,0,0,0,0,,
03BNFK34,03BNFK,1991,0,0,0,0,0,0,,0,0,0,0,0,0,0,,0,0,0,0,0,0,,
03BNFK36,03BNFK,1991,128,125,3,0,0,0,0.0,0,0,0,0,0,0,0,0.0,0,0,0,0,0,0,,
03BNFK37,03BNFK,1991,0,0,0,0,0,0,,0,0,0,0,0,0,0,,0,0,0,0,0,0,,
03BNFK38,03BNFK,1991,0,0,0,0,0,0,,0,0,0,0,0,0,0,,0,0,0,0,0,0,,
03BNFK40,03BNFK,1991,0,0,0,0,0,0,,0,0,0,0,0,0,0,,0,0,0,0,0,0,,
03BNFK41,03BNFK,1991,0,0,0,0,0,0,,0,0,0,0,0,0,0,,0,0,0,0,0,0,,
03BNFK42,03BNFK,1991,0,0,0,0,0,0,,0,0,0,0,0,0,0,,0,0,0,0,0,0,,
03BNFL01,03BNFL,1991,748,340,408,4,2,2,0.5347593582887701,1,0,1,3,0,1,0,0.0,4,1,0,1,0,0,0.0,0.0
03BNFL02,03BNFL,1991,488,245,243,8,2,6,1.639344262295082,0,4,1,3,0,0,0,0.0,4,2,1,2,0,1,0.0,50.0
03BNFL03,03BNFL,1991,541,257,284,5,1,4,0.9242144177449169,0,2,2,0,0,0,0,0.0,3,2,0,1,0,0,0.0,0.0
03BNFL04,03BNFL,1991,602,295,307,0,0,0,0.0,0,0,0,0,0,0,0,0.0,0,0,0,0,0,0,,
03BNFL05,03BNFL,1991,599,292,307,0,0,0,0.0,0,0,0,0,0,0,0,0.0,0,0,0,0,0,0,,
03BNFL06,03BNFL,1991,569,258,311,3,2,1,0.5272407732864675,0,0,1,2,0,1,0,0.0,2,2,0,2,0,0,0.0,0.0
03BNFL07,03BNFL,1991,526,244,282,0,0,0,0.0,0,0,0,0,0,0,0,0.0,0,0,0,0,0,0,,
03BNFL08,03BNFL,1991,201,100,101,0,0,0,0.0,0,0,0,0,0,0,0,0.0,0,0,0,0,0,0,,
03BNFL09,03BNFL,1991,231,113,118,0,0,0,0.0,0,0,0,0,0,0,0,0.0,2,2,0,2,0,0,0.0,0.0
03BNFL10,03BNFL,1991,248,123,125,0,0,0,0.0,0,0,0,0,0,0,0,0.0,2,2,0,1,0,0,0.0,0.0
03BNFL11,03BNFL,1991,302,182,120,0,0,0,0.0,0,0,0,0,0,0,0,0.0,0,0,0,0,0,0,,
03BNFL12,03BNFL,1991,536,267,269,0,0,0,0.0,0,0,0,0,0,0,0,0.0,0,0,0,0,0,0,,
03BNFL13,03BNFL,1991,283,142,141,0,0,0,0.0,0,0,0,0,0,0,0,0.0,0,0,0,0,0,0,,
03BNFL14,03BNFL,1991,187,83,104,0,0,0,0.0,0,0,0,0,0,0,0,0.0,0,0,0,0,0,0,,
03BNFL15,03BNFL,1991,599,274,325,2,2,0,0.333889816360601,0,0,0,1,0,0,0,0.0,2,1,0,1,0,1,0.0,100.0
03BNFL16,03BNFL,1991,455,231,224,0,0,0,0.0,0,0,0,0,0,0,0,0.0,2,0,0,1,0,0,0.0,0.0
03BNFL17,03BNFL,1991,458,220,238,0,0,0,0.0,0,0,0,0,0,0,0,0.0,0,0,0,0,0,0,,
03BNFL18,03BNFL,1991,371,182,189,0,0,0,0.0,0,0,0,0,0,0,0,0.0,0,0,0,0,0,0,,
03BNFL19,03BNFL,1991,136,65,71,0,0,0,0.0,0,0,0,0,0,0,0,0.0,0,0,0,0,0,0,,
03BNFL20,03BNFL,1991,579,300,279,0,0,0,0.0,0,0,0,0,0,0,0,0.0,0,0,0,0,0,0,,
03BNFL21,03BNFL,1991,403,191,212,2,1,1,0.49627791563275436,0,0,1,2,0,0,0,0.0,4,3,1,2,0,0,0.0,0.0
03BNFL22,03BNFL,1991,406,188,218,0,0,0,0.0,0,0,0,0,0,0,0,0.0,0,0,0,0,0,0,,
03BNFL23,03BNFL,1991,545,257,288,2,1,1,0.3669724770642202,0,0,1,1,0,0,0,0.0,2,2,0,1,0,1,0.0,100.0
03BNFL24,03BNFL,1991,507,228,279,1,0,1,0.19723865877712032,0,0,0,1,0,0,1,0.19723865877712032,0,0,0,0,0,0,,
03BNFL25,03BNFL,1991,473,212,261,0,0,0,0.0,0,0,0,0,0,0,0,0.0,2,2,2,0,0,0,,
03BNFL26,03BNFL,1991,512,257,255,1,1,0,0.1953125,0,0,0,0,0,0,0,0.0,5,5,1,3,0,2,0.0,66.66666666666667
03BNFL27,03BNFL,1991,385,190,195,0,0,0,0.0,0,0,0,0,0,0,0,0.0,0,0,0,0,0,0,,
03BNFL28,03BNFL,1991,537,237,300,0,0,0,0.0,0,0,0,0,0,0,0,0.0,1,0,0,1,0,1,0.0,100.0
03BNFL29,03BNFL,1991,0,0,0,0,0,0,,0,0,0,0,0,0,0,,0,0,0,0,0,0,,
03BNFM01,03BNFM,1991,522,253,269,4,3,1,0.7662835249042146,0,0,5,0,0,0,0,0.0,27,7,1,11,0,4,0.0,36.36363636363637
03BNFM02,03BNFM,1991,521,252,269,0,0,0,0.0,0,0,0,0,0,0,0,0.0,17,11,11,7,0,0,0.0,0.0
03BNFM03,03BNFM,1991,475,244,231,14,5,9,2.9473684210526314,3,5,2,3,0,1,2,0.42105263157894735,13,7,1,8,1,2,12.5,25.0
03BNFM04,03BNFM,1991,388,192,196,7,3,4,1.8041237113402062,0,0,2,2,3,1,0,0.0,28,12,6,10,0,4,0.0,40.0
03BNFM05,03BNFM,1991,560,274,286,0,0,0,0.0,0,0,0,0,0,0,0,0.0,32,10,2,15,0,5,0.0,33.333333333333336
03BNFM06,03BNFM,1991,584,289,295,4,3,1,0.684931506849315,0,1,1,2,0,0,0,0.0,19,0,0,7,0,3,0.0,42.857142857142854
03BNFM07,03BNFM,1991,242,114,128,0,0,0,0.0,0,0,0,0,0,0,0,0.0,4,3,1,2,0,2,0.0,100.0
03BNFM08,03BNFM,1991,364,182,182,7,3,4,1.9230769230769231,0,0,4,0,0,0,2,0.5494505494505495,11,6,0,5,0,3,0.0,60.0
03BNFM09,03BNFM,1991,629,337,292,1,1,0,0.1589825119236884,0,0,1,3,0,0,0,0.0,64,21,5,21,1,6,4.761904761904762,28.571428571428573
03BNFM10,03BNFM,1991,487,247,240,12,7,5,2.4640657084188913,0,1,5,6,0,2,0,0.0,23,6,1,6,0,4,0.0,66.66666666666667
03BNFM11,03BNFM,1991,526,280,246,5,3,2,0.9505703422053232,0,2,0,3,2,0,4,0.7604562737642585,9,8,0,4,0,3,0.0,75.0
03BNFM12,03BNFM,1991,449,212,237,0,0,0,0.0,0,0,0,0,0,0,0,0.0,9,5,3,3,0,1,0.0,33.333333333333336
03BNFM13,03BNFM,1991,419,217,202,28,15,13,6.682577565632458,6,3,9,10,0,1,0,0.0,22,12,3,9,0,8,0.0,88.88888888888889
03BNFM14,03BNFM,1991,406,187,219,2,1,1,0.49261083743842365,0,0,0,2,0,0,0,0.0,20,7,0,10,0,1,0.0,10.0
03BNFM15,03BNFM,1991,511,240,271,18,9,9,3.522504892367906,0,1,8,6,3,5,5,0.9784735812133072,25,13,7,11,0,4,0.0,36.36363636363637
03BNFM16,03BNFM,1991,332,159,173,0,0,0,0.0,0,0,0,0,0,0,0,0.0,5,0,1,2,0,0,0.0,0.0
03BNFM17,03BNFM,1991,450,211,239,8,6,2,1.7777777777777777,1,0,1,4,0,0,0,0.0,19,10,7,10,0,2,0.0,20.0
03BNFM18,03BNFM,1991,479,255,224,0,0,0,0.0,0,0,0,0,0,0,0,0.0,16,8,3,4,0,2,0.0,50.0
03BNFM19,03BNFM,1991,742,388,354,13,9,4,1.752021563342318,0,3,3,5,2,4,2,0.2695417789757412,56,25,15,20,0,6,0.0,30.0
03BNFM20,03BNFM,1991,465,228,237,25,13,12,5.376344086021505,2,4,9,10,0,4,3,0.6451612903225806,24,17,6,10,2,5,20.0,50.0
03BNFM21,03BNFM,1991,470,225,245,7,4,3,1.4893617021276595,0,3,0,2,1,0,1,0.2127659574468085,12,6,2,8,0,3,0.0,37.5
03BNFM22,03BNFM,1991,400,207,193,0,0,0,0.0,0,0,0,0,0,0,0,0.0,1,1,0,0,0,0,,
03BNFM23,03BNFM,1991,369,174,195,0,0,0,0.0,0,0,0,0,0,0,0,0.0,4,3,1,4,0,0,0.0,0.0
03BNFM24,03BNFM,1991,222,105,117,1,1,0,0.45045045045045046,0,0,0,2,0,0,0,0.0,4,4,2,2,0,0,0.0,0.0
03BNFM25,03BNFM,1991,499,219,280,7,4,3,1.402805611222445,2,0,0,3,2,3,1,0.20040080160320642,9,5,0,5,0,2,0.0,40.0
03BNFM26,03BNFM,1991,475,229,246,9,6,3,1.894736842105263,2,1,2,4,0,0,3,0.631578947368421,12,8,5,4,0,1,0.0,25.0
03BNFM27,03BNFM,1991,575,256,319,0,0,0,0.0,0,0,0,0,0,0,0,0.0,7,7,6,4,0,1,0.0,25.0
03BNFM28,03BNFM,1991,138,72,66,0,0,0,0.0,0,0,0,0,0,0,0,0.0,0,0,0,0,0,0,,
03BNFM29,03BNFM,1991,491,240,251,5,3,2,1.0183299389002036,0,0,3,2,0,0,0,0.0,5,4,0,1,1,2,100.0,200.0
03BNFM30,03BNFM,1991,429,203,226,0,0,0,0.0,0,0,0,0,0,0,0,0.0,1,0,0,0,0,0,,
03BNFM31,03BNFM,1991,260,153,107,2,0,2,0.7692307692307693,1,0,1,0,0,0,0,0.0,3,2,2,1,0,0,0.0,0.0
03BNFM32,03BNFM,1991,192,125,67,0,0,0,0.0,0,0,0,0,0,0,0,0.0,0,0,0,0,0,0,,
03BNFM33,03BNFM,1991,0,0,0,0,0,0,,0,0,0,0,0,0,0,,0,0,0,0,0,0,,
03BNFM36,03BNFM,1991,0,0,0,0,0,0,,0,0,0,0,0,0,0,,0,0,0,0,0,0,,
03BNFN01,03BNFN,1991,589,264,325,2,2,0,0.3395585738539898,0,0,1,0,0,0,0,0.0,17,9,1,6,0,4,0.0,66.66666666666667
03BNFN02,03BNFN,1991,553,260,293,9,5,4,1.6274864376130198,2,1,1,5,0,0,1,0.18083182640144665,7,3,1,5,0,4,0.0,80.0
03BNFN03,03BNFN,1991,548,240,308,3,1,2,0.5474452554744526,0,0,0,2,0,0,0,0.0,6,3,0,3,0,2,0.0,66.66666666666667
03BNFN04,03BNFN,1991,355,179,176,5,2,3,1.408450704225352,0,2,0,2,1,0,2,0.5633802816901409,13,9,4,10,0,0,0.0,0.0
03BNFN05,03BNFN,1991,387,178,209,0,0,0,0.0,0,0,0,0,0,0,0,0.0,3,2,0,2,0,1,0.0,50.0
03BNFN06,03BNFN,1991,494,237,257,0,0,0,0.0,0,0,0,0,0,0,0,0.0,8,3,2,4,0,2,0.0,50.0
03BNFN07,03BNFN,1991,592,309,283,7,2,5,1.1824324324324325,0,0,3,4,0,0,2,0.33783783783783783,11,5,1,3,0,3,0.0,100.0
03BNFN08,03BNFN,1991,488,219,269,0,0,0,0.0,0,0,0,0,0,0,0,0.0,6,1,0,3,0,2,0.0,66.66666666666667
03BNFN09,03BNFN,1991,219,124,95,0,0,0,0.0,0,0,0,0,0,0,0,0.0,5,4,4,3,0,1,0.0,33.333333333333336
03BNFN10,03BNFN,1991,321,163,158,2,0,2,0.6230529595015576,0,0,2,0,0,0,0,0.0,5,2,0,3,0,0,0.0,0.0
03BNFN11,03BNFN,1991,257,125,132,2,1,1,0.7782101167315175,0,0,1,0,0,0,0,0.0,6,2,0,3,1,0,33.333333333333336,0.0
03BNFN12,03BNFN,1991,404,176,228,3,2,1,0.7425742574257426,1,0,3,0,0,0,0,0.0,10,5,1,9,0,5,0.0,55.55555555555556
03BNFN13,03BNFN,1991,453,226,227,0,0,0,0.0,0,0,0,0,0,0,0,0.0,3,2,0,3,0,2,0.0,66.66666666666667
03BNFN14,03BNFN,1991,234,118,116,4,4,0,1.7094017094017093,0,0,4,0,0,0,0,0.0,6,4,0,6,0,1,0.0,16.666666666666668
03BNFN15,03BNFN,1991,367,164,203,0,0,0,0.0,0,0,0,0,0,0,0,0.0,1,1,0,2,0,2,0.0,100.0
03BNFN16,03BNFN,1991,353,198,155,0,0,0,0.0,0,0,0,0,0,0,0,0.0,11,6,5,9,1,0,11.11111111111111,0.0
03BNFN17,03BNFN,1991,259,127,132,1,0,1,0.3861003861003861,0,0,1,0,0,0,0,0.0,4,3,1,3,0,1,0.0,33.333333333333336
03BNFN18,03BNFN,1991,382,193,189,1,1,0,0.2617801047120419,0,0,1,0,0,0,0,0.0,13,8,1,5,0,2,0.0,40.0
03BNFN19,03BNFN,1991,336,175,161,1,1,0,0.2976190476190476,0,0,0,0,0,0,1,0.2976190476190476,9,6,0,5,0,4,0.0,80.0
03BNFN20,03BNFN,1991,399,205,194,9,7,2,2.255639097744361,1,0,7,1,0,0,0,0.0,11,3,0,4,0,2,0.0,50.0
03BNFN21,03BNFN,1991,446,201,245,5,4,1,1.1210762331838564,0,2,2,3,0,0,0,0.0,6,4,1,2,0,3,0.0,150.0
03BNFN22,03BNFN,1991,478,221,257,0,0,0,0.0,0,0,0,0,0,0,0,0.0,0,0,0,0,0,0,,
03BNFN23,03BNFN,1991,550,269,281,1,1,0,0.18181818181818182,0,0,1,0,0,0,0,0.0,12,8,3,5,0,1,0.0,20.0
03BNFN24,03BNFN,1991,476,230,246,2,1,1,0.42016806722689076,0,0,1,0,0,0,0,0.0,6,2,0,1,0,1,0.0,100.0
03BNFN25,03BNFN,1991,488,234,254,7,2,5,1.4344262295081966,0,2,3,2,0,0,2,0.4098360655737705,10,9,1,4,1,2,25.0,50.0
03BNFN26,03BNFN,1991,409,171,238,2,2,0,0.4889975550122249,0,0,2,0,0,0,0,0.0,3,1,0,4,0,1,0.0,25.0
03BNFN27,03BNFN,1991,335,133,202,0,0,0,0.0,0,0,0,0,0,0,0,0.0,2,1,2,2,0,1,0.0,50.0
03BNFN28,03BNFN,1991,444,209,235,2,2,0,0.45045045045045046,0,0,2,1,0,0,0,0.0,9,5,2,6,0,5,0.0,83.33333333333333
03BNFN29,03BNFN,1991,539,271,268,0,0,0,0.0,0,0,0,0,0,0,0,0.0,0,0,0,0,0,0,,
03BNFN30,03BNFN,1991,499,236,263,8,6,2,1.6032064128256514,3,0,2,4,0,0,3,0.6012024048096193,13,8,0,5,0,5,0.0,100.0
03BNFN31,03BNFN,1991,457,195,262,1,1,0,0.2188183807439825,0,0,0,1,0,0,0,0.0,5,3,0,3,0,1,0.0,33.333333333333336
03BNFN32,03BNFN,1991,566,259,307,7,5,2,1.2367491166077738,0,2,1,3,0,0,2,0.35335689045936397,20,7,1,9,1,4,11.11111111111111,44.44444444444444
03BNFP01,03BNFP,1991,381,181,200,2,2,0,0.5249343832020997,0,0,2,0,0,0,0,0.0,4,3,0,3,0,0,0.0,0.0
03BNFP02,03BNFP,1991,477,219,258,0,0,0,0.0,0,0,0,0,0,0,0,0.0,0,0,0,0,0,0,,
03BNFP03,03BNFP,1991,528,260,268,8,4,4,1.5151515151515151,0,2,3,2,0,0,0,0.0,13,6,0,6,0,4,0.0,66.66666666666667
03BNFP04,03BNFP,1991,435,179,256,0,0,0,0.0,0,0,0,0,0,0,0,0.0,1,1,2,0,0,0,,
03BNFP05,03BNFP,1991,621,302,319,0,0,0,0.0,0,0,0,0,0,0,0,0.0,2,2,0,2,0,1,0.0,50.0
03BNFP06,03BNFP,1991,500,239,261,0,0,0,0.0,0,0,0,0,0,0,0,0.0,1,0,0,0,0,0,,
03BNFP07,03BNFP,1991,455,221,234,1,1,0,0.21978021978021978,0,0,0,1,0,0,0,0.0,2,2,1,1,0,2,0.0,200.0
03BNFP08,03BNFP,1991,535,253,282,4,3,1,0.7476635514018691,1,2,1,1,0,0,0,0.0,6,4,0,3,0,3,0.0,100.0
03BNFP09,03BNFP,1991,452,211,241,8,4,4,1.7699115044247788,0,3,0,3,0,0,3,0.6637168141592921,9,6,1,6,0,4,0.0,66.66666666666667
03BNFP10,03BNFP,1991,554,265,289,0,0,0,0.0,0,0,0,0,0,0,0,0.0,4,2,0,2,0,1,0.0,50.0
03BNFP11,03BNFP,1991,403,183,220,3,1,2,0.7444168734491315,0,0,2,1,0,0,0,0.0,6,4,0,6,0,3,0.0,50.0
03BNFP12,03BNFP,1991,472,238,234,0,0,0,0.0,0,0,0,0,0,0,0,0.0,1,1,0,1,0,2,0.0,200.0
03BNFP13,03BNFP,1991,364,166,198,0,0,0,0.0,0,0,0,0,0,0,0,0.0,5,0,0,3,0,1,0.0,33.333333333333336
03BNFP14,03BNFP,1991,88,54,34,0,0,0,0.0,0,0,0,0,0,0,0,0.0,2,0,0,1,0,0,0.0,0.0
03BNFP15,03BNFP,1991,453,216,237,2,1,1,0.44150110375275936,0,0,2,0,0,0,0,0.0,11,11,1,5,0,4,0.0,80.0
03BNFP16,03BNFP,1991,449,234,215,0,0,0,0.0,0,0,0,0,0,0,0,0.0,4,3,2,2,0,0,0.0,0.0
03BNFP17,03BNFP,1991,418,185,233,0,0,0,0.0,0,0,0,0,0,0,0,0.0,3,2,0,2,0,0,0.0,0.0
03BNFP18,03BNFP,1991,212,111,101,3,3,0,1.4150943396226414,0,0,1,2,0,0,0,0.0,6,6,2,5,0,0,0.0,0.0
03BNFP19,03BNFP,1991,242,122,120,1,1,0,0.4132231404958678,0,0,1,0,0,0,0,0.0,3,2,0,2,0,0,0.0,0.0
03BNFP20,03BNFP,1991,351,162,189,0,0,0,0.0,0,0,0,0,0,0,0,0.0,14,7,1,6,0,3,0.0,50.0
03BNFP21,03BNFP,1991,447,214,233,0,0,0,0.0,0,0,0,0,0,0,0,0.0,3,0,0,1,0,1,0.0,100.0
03BNFP22,03BNFP,1991,348,190,158,5,3,2,1.4367816091954022,1,0,0,2,0,0,0,0.0,8,5,1,4,0,1,0.0,25.0
03BNFP23,03BNFP,1991,370,207,163,0,0,0,0.0,0,0,0,0,0,0,0,0.0,3,3,5,4,0,0,0.0,0.0
03BNFP24,03BNFP,1991,312,164,148,0,0,0,0.0,0,0,0,0,0,0,0,0.0,6,4,0,3,0,1,0.0,33.333333333333336
03BNFP25,03BNFP,1991,499,235,264,3,3,0,0.6012024048096193,0,1,1,0,0,0,0,0.0,11,6,0,5,0,3,0.0,60.0
03BNFP26,03BNFP,1991,540,262,278,0,0,0,0.0,0,0,0,0,0,0,0,0.0,10,10,6,9,0,4,0.0,44.44444444444444
03BNFP27,03BNFP,1991,132,65,67,0,0,0,0.0,0,0,0,0,0,0,0,0.0,0,0,0,0,0,0,,
03BNFP28,03BNFP,1991,266,128,138,0,0,0,0.0,0,0,0,0,0,0,0,0.0,2,0,0,2,0,1,0.0,50.0
03BNFP29,03BNFP,1991,488,234,254,10,5,5,2.0491803278688523,0,2,3,5,0,0,0,0.0,11,10,3,3,0,2,0.0,66.66666666666667
03BNFP30,03BNFP,1991,266,99,167,0,0,0,0.0,0,0,0,0,0,0,0,0.0,5,5,0,0,0,0,,
03BNFQ01,03BNFQ,1991,466,228,238,1,1,0,0.2145922746781116,0,0,0,1,0,0,0,0.0,6,2,1,2,0,0,0.0,0.0
03BNFQ02,03BNFQ,1991,459,210,249,1,0,1,0.2178649237472767,0,0,1,0,0,0,0,0.0,4,4,0,2,0,2,0.0,100.0
03BNFQ03,03BNFQ,1991,691,357,334,1,1,0,0.1447178002894356,0,0,0,1,0,0,0,0.0,15,11,0,7,0,6,0.0,85.71428571428571
03BNFQ04,03BNFQ,1991,488,222,266,0,0,0,0.0,0,0,0,0,0,0,0,0.0,3,2,0,2,0,3,0.0,150.0
03BNFQ05,03BNFQ,1991,555,244,311,1,0,1,0.18018018018018017,0,0,0,1,0,0,1,0.18018018018018017,7,2,0,3,0,0,0.0,0.0
03BNFQ06,03BNFQ,1991,400,195,205,2,0,2,0.5,0,0,2,0,0,0,0,0.0,14,10,4,7,0,0,0.0,0.0
03BNFQ07,03BNFQ,1991,278,137,141,0,0,0,0.0,0,0,0,0,0,0,0,0.0,1,1,0,1,0,0,0.0,0.0
03BNFQ08,03BNFQ,1991,335,147,188,0,0,0,0.0,0,0,0,0,0,0,0,0.0,2,2,0,0,0,0,,
03BNFQ09,03BNFQ,1991,588,279,309,8,6,2,1.3605442176870748,1,2,0,4,0,0,1,0.17006802721088435,10,4,0,5,0,2,0.0,40.0
03BNFQ10,03BNFQ,1991,711,338,373,6,1,5,0.8438818565400844,0,2,4,1,0,0,1,0.14064697609001406,12,5,1,5,0,2,0.0,40.0
03BNFQ11,03BNFQ,1991,272,109,163,0,0,0,0.0,0,0,0,0,0,0,0,0.0,9,1,0,2,0,0,0.0,0.0
03BNFQ12,03BNFQ,1991,369,165,204,0,0,0,0.0,0,0,0,0,0,0,2,0.5420054200542005,4,4,1,1,0,0,0.0,0.0
03BNFQ13,03BNFQ,1991,236,110,126,1,1,0,0.423728813559322,0,0,1,0,0,0,0,0.0,1,1,0,0,0,2,,
03BNFQ14,03BNFQ,1991,474,245,229,0,0,0,0.0,0,0,0,0,0,0,0,0.0,6,6,3,4,0,0,0.0,0.0
03BNFQ15,03BNFQ,1991,280,149,131,2,2,0,0.7142857142857143,0,0,2,0,0,0,0,0.0,3,1,0,1,0,0,0.0,0.0
03BNFQ16,03BNFQ,1991,400,188,212,0,0,0,0.0,0,0,0,0,0,0,0,0.0,3,2,0,2,0,0,0.0,0.0
03BNFQ17,03BNFQ,1991,323,153,170,6,5,1,1.8575851393188854,0,3,1,3,0,0,0,0.0,5,3,0,1,0,1,0.0,100.0
03BNFQ18,03BNFQ,1991,644,301,343,4,2,2,0.6211180124223602,1,1,0,2,0,0,0,0.0,5,4,0,2,0,2,0.0,100.0
03BNFQ19,03BNFQ,1991,581,300,281,5,2,3,0.8605851979345955,0,3,0,2,0,2,1,0.1721170395869191,3,2,0,1,0,2,0.0,200.0
03BNFQ20,03BNFQ,1991,429,201,228,18,9,9,4.195804195804196,4,1,5,4,4,3,9,2.097902097902098,14,8,1,5,0,4,0.0,80.0
03BNFQ21,03BNFQ,1991,480,208,272,2,1,1,0.4166666666666667,0,0,1,2,0,0,0,0.0,8,5,0,4,0,2,0.0,50.0
03BNFQ22,03BNFQ,1991,406,196,210,0,0,0,0.0,0,0,0,0,0,0,0,0.0,7,5,0,3,0,3,0.0,100.0
03BNFQ23,03BNFQ,1991,182,85,97,0,0,0,0.0,0,0,0,0,0,0,0,0.0,0,0,0,0,0,0,,
03BNFQ24,03BNFQ,1991,195,78,117,1,1,0,0.5128205128205128,0,0,0,0,0,1,0,0.0,2,0,0,0,0,0,,
03BNFQ25,03BNFQ,1991,543,263,280,11,8,3,2.0257826887661143,1,5,1,3,0,0,4,0.7366482504604052,19,11,2,10,0,7,0.0,70.0
03BNFQ26,03BNFQ,1991,532,268,264,0,0,0,0.0,0,0,0,0,0,0,0,0.0,8,6,2,6,0,4,0.0,66.66666666666667
03BNFQ27,03BNFQ,1991,471,228,243,4,2,2,0.8492569002123143,1,0,2,0,0,0,0,0.0,12,9,0,5,0,4,0.0,80.0
03BNFQ28,03BNFQ,1991,564,265,299,4,3,1,0.7092198581560284,0,0,2,1,0,0,1,0.1773049645390071,15,10,1,7,0,6,0.0,85.71428571428571
03BNFQ29,03BNFQ,1991,500,235,265,0,0,0,0.0,0,0,0,0,0,0,0,0.0,2,1,0,4,0,2,0.0,50.0
03BNFQ30,03BNFQ,1991,488,227,261,6,2,4,1.2295081967213115,0,1,3,2,0,0,0,0.0,12,8,2,7,0,2,0.0,28.571428571428573
03BNFQ31,03BNFQ,1991,0,0,0,0,0,0,,0,0,0,0,0,0,0,,0,0,0,0,0,0,,
03BNFQ32,03BNFQ,1991,0,0,0,0,0,0,,0,0,0,0,0,0,0,,0,0,0,0,0,0,,
03BNFQ33,03BNFQ,1991,0,0,0,0,0,0,,0,0,0,0,0,0,0,,0,0,0,0,0,0,,
03BNFR01,03BNFR,1991,300,165,135,1,1,0,0.3333333333333333,0,0,0,1,0,0,1,0.3333333333333333,5,2,0,2,1,1,50.0,50.0
03BNFR02,03BNFR,1991,254,130,124,0,0,0,0.0,0,0,0,0,0,0,0,0.0,4,4,0,2,0,1,0.0,50.0
03BNFR03,03BNFR,1991,311,171,140,3,1,2,0.9646302250803859,0,0,1,2,0,0,3,0.9646302250803859,9,5,2,4,0,0,0.0,0.0
03BNFR04,03BNFR,1991,379,192,187,3,2,1,0.7915567282321899,0,0,1,2,0,1,1,0.2638522427440633,8,3,0,4,0,5,0.0,125.0
03BNFR05,03BNFR,1991,682,319,363,9,3,6,1.3196480938416422,2,2,4,3,0,0,5,0.7331378299120235,11,6,1,3,0,1,0.0,33.333333333333336
03BNFR06,03BNFR,1991,504,250,254,9,4,5,1.7857142857142858,0,0,2,7,0,0,0,0.0,10,6,0,4,0,0,0.0,0.0
03BNFR07,03BNFR,1991,610,290,320,1,0,1,0.16393442622950818,0,0,0,0,1,0,0,0.0,4,3,1,3,0,0,0.0,0.0
03BNFR08,03BNFR,1991,480,215,265,11,6,5,2.2916666666666665,0,0,7,3,1,0,0,0.0,14,8,1,4,0,2,0.0,50.0
03BNFR09,03BNFR,1991,467,202,265,0,0,0,0.0,0,0,0,0,0,0,0,0.0,7,4,1,5,0,0,0.0,0.0
03BNFR10,03BNFR,1991,510,227,283,6,5,1,1.1764705882352942,0,0,1,7,0,0,1,0.19607843137254902,22,15,1,10,0,7,0.0,70.0
03BNFR11,03BNFR,1991,523,261,262,9,5,4,1.7208413001912046,0,2,2,4,0,1,0,0.0,31,16,2,8,0,5,0.0,62.5
03BNFR12,03BNFR,1991,564,242,322,0,0,0,0.0,0,0,0,0,0,0,0,0.0,9,5,2,3,0,0,0.0,0.0
03BNFR13,03BNFR,1991,401,193,208,3,3,0,0.7481296758104738,0,0,2,1,0,0,1,0.24937655860349128,8,5,2,5,0,1,0.0,20.0
03BNFR14,03BNFR,1991,701,332,369,0,0,0,0.0,0,0,0,0,0,0,0,0.0,6,5,1,3,0,2,0.0,66.66666666666667
03BNFR15,03BNFR,1991,439,198,241,0,0,0,0.0,0,0,0,0,0,0,0,0.0,4,2,1,0,0,0,,
03BNFR16,03BNFR,1991,665,289,376,5,3,2,0.7518796992481203,0,0,0,4,0,4,3,0.45112781954887216,10,6,2,4,0,0,0.0,0.0
03BNFR17,03BNFR,1991,564,301,263,6,1,5,1.0638297872340425,2,0,2,2,0,0,3,0.5319148936170213,17,8,0,5,0,3,0.0,60.0
03BNFR18,03BNFR,1991,431,179,252,0,0,0,0.0,0,0,0,0,0,0,0,0.0,3,2,0,3,0,1,0.0,33.333333333333336
03BNFR19,03BNFR,1991,351,158,193,1,1,0,0.2849002849002849,0,0,1,0,0,0,0,0.0,6,6,2,3,0,2,0.0,66.66666666666667
03BNFR20,03BNFR,1991,325,156,169,0,0,0,0.0,0,0,0,0,0,0,0,0.0,3,0,0,1,0,1,0.0,100.0
03BNFR21,03BNFR,1991,288,131,157,7,2,5,2.4305555555555554,0,0,3,4,0,0,1,0.3472222222222222,17,10,1,8,0,5,0.0,62.5
03BNFR22,03BNFR,1991,406,183,223,1,0,1,0.24630541871921183,0,0,0,0,0,0,0,0.0,4,3,0,2,0,1,0.0,50.0
03BNFR23,03BNFR,1991,410,219,191,10,9,1,2.4390243902439024,0,0,5,4,1,0,3,0.7317073170731707,29,11,4,8,0,2,0.0,25.0
03BNFR24,03BNFR,1991,0,0,0,0,0,0,,0,0,0,0,0,0,0,,0,0,0,0,0,0,,
03BNFR25,03BNFR,1991,0,0,0,0,0,0,,0,0,0,0,0,0,0,,0,0,0,0,0,0,,
03BNFR26,03BNFR,1991,0,0,0,0,0,0,,0,0,0,0,0,0,0,,0,0,0,0,0,0,,
03BNFR27,03BNFR,1991,0,0,0,0,0,0,,0,0,0,0,0,0,0,,0,0,0,0,0,0,,
03BNFR28,03BNFR,1991,53,33,20,10,4,6,18.867924528301888,0,0,9,2,0,0,7,13.20754716981132,24,6,0,0,0,0,,
03BNFS01,03BNFS,1991,654,325,329,58,32,26,8.868501529051988,10,11,17,17,2,0,6,0.9174311926605505,43,30,2,15,0,16,0.0,106.66666666666667
03BNFS02,03BNFS,1991,363,150,213,0,0,0,0.0,0,0,0,0,0,0,0,0.0,1,1,0,0,0,0,,
03BNFS03,03BNFS,1991,499,227,272,0,0,0,0.0,0,0,0,0,0,0,0,0.0,0,0,0,0,0,0,,
03BNFS04,03BNFS,1991,579,272,307,0,0,0,0.0,0,0,0,0,0,0,0,0.0,0,0,0,0,0,0,,
03BNFS05,03BNFS,1991,425,202,223,0,0,0,0.0,0,0,0,0,0,0,0,0.0,0,0,0,0,0,0,,
03BNFS06,03BNFS,1991,518,257,261,0,0,0,0.0,0,0,0,0,0,0,0,0.0,1,1,2,1,0,0,0.0,0.0
03BNFS07,03BNFS,1991,611,308,303,0,0,0,0.0,0,0,0,0,0,0,0,0.0,0,0,0,1,0,1,0.0,100.0
03BNFS08,03BNFS,1991,630,293,337,4,0,4,0.6349206349206349,0,0,3,2,0,0,0,0.0,5,2,0,2,0,1,0.0,50.0
03BNFS09,03BNFS,1991,485,224,261,0,0,0,0.0,0,0,0,0,0,0,0,0.0,1,1,0,1,0,0,0.0,0.0
03BNFS10,03BNFS,1991,522,250,272,3,2,1,0.5747126436781609,0,0,3,0,0,0,0,0.0,6,1,0,3,0,0,0.0,0.0
03BNFS11,03BNFS,1991,335,145,190,1,0,1,0.29850746268656714,0,0,1,0,0,0,0,0.0,3,1,0,1,0,0,0.0,0.0
03BNFS12,03BNFS,1991,487,243,244,0,0,0,0.0,0,0,0,0,0,0,0,0.0,0,0,0,0,0,0,,
03BNFS13,03BNFS,1991,473,222,251,6,3,3,1.2684989429175475,0,1,0,4,0,0,3,0.6342494714587738,4,1,0,2,0,0,0.0,0.0
03BNFS14,03BNFS,1991,415,216,199,0,0,0,0.0,0,0,0,0,0,0,0,0.0,0,0,0,0,0,0,,
03BNFS15,03BNFS,1991,488,238,250,0,0,0,0.0,0,0,0,0,0,0,0,0.0,1,1,1,1,0,0,0.0,0.0
03BNFS16,03BNFS,1991,495,238,257,0,0,0,0.0,0,0,0,0,0,0,0,0.0,0,0,0,0,0,0,,
03BNFS17,03BNFS,1991,363,166,197,0,0,0,0.0,0,0,0,0,0,0,0,0.0,0,0,0,0,0,0,,
03BNFS18,03BNFS,1991,512,251,261,0,0,0,0.0,0,0,0,0,0,0,0,0.0,2,2,2,1,0,0,0.0,0.0
03BNFS19,03BNFS,1991,537,273,264,4,2,2,0.74487895716946,0,0,2,3,0,0,1,0.186219739292365,11,9,2,1,0,0,0.0,0.0
03BNFS20,03BNFS,1991,552,270,282,4,3,1,0.7246376811594203,1,0,1,3,0,0,0,0.0,2,1,0,2,0,1,0.0,50.0
03BNFS21,03BNFS,1991,430,215,215,0,0,0,0.0,0,0,0,0,0,0,0,0.0,0,0,0,0,0,0,,
03BNFS22,03BNFS,1991,494,223,271,5,2,3,1.0121457489878543,2,0,1,2,0,0,0,0.0,3,1,0,1,0,1,0.0,100.0
03BNFS23,03BNFS,1991,590,284,306,5,1,4,0.847457627118644,1,2,0,2,0,0,0,0.0,3,2,0,1,0,1,0.0,100.0
03BNFS24,03BNFS,1991,455,216,239,0,0,0,0.0,0,0,0,0,0,0,0,0.0,1,1,0,0,0,0,,
03BNFS25,03BNFS,1991,283,143,140,0,0,0,0.0,0,0,0,0,0,0,0,0.0,1,1,0,1,0,0,0.0,0.0
03BNFS26,03BNFS,1991,446,218,228,8,4,4,1.7937219730941705,0,1,3,1,0,0,3,0.672645739910314,8,8,2,5,1,1,20.0,20.0
03BNFS27,03BNFS,1991,510,232,278,0,0,0,0.0,0,0,0,0,0,0,0,0.0,3,1,0,3,0,0,0.0,0.0
03BNFS28,03BNFS,1991,429,199,230,0,0,0,0.0,0,0,0,0,0,0,0,0.0,0,0,0,0,0,0,,
03BNFS29,03BNFS,1991,259,125,134,12,6,6,4.633204633204633,0,2,5,5,0,0,0,0.0,15,13,0,8,0,6,0.0,75.0
03BNFT01,03BNFT,1991,539,241,298,0,0,0,0.0,0,0,0,0,0,0,0,0.0,2,2,1,0,0,1,,
03BNFT02,03BNFT,1991,482,229,253,5,3,2,1.037344398340249,0,1,0,3,0,1,3,0.6224066390041494,4,1,1,2,0,2,0.0,100.0
03BNFT03,03BNFT,1991,535,258,277,3,0,3,0.5607476635514018,0,0,2,0,1,0,0,0.0,3,2,0,2,0,2,0.0,100.0
03BNFT04,03BNFT,1991,488,223,265,0,0,0,0.0,0,0,0,0,0,0,0,0.0,0,0,0,0,0,0,,
03BNFT05,03BNFT,1991,513,224,289,0,0,0,0.0,0,0,0,0,0,0,0,0.0,6,4,1,3,0,1,0.0,33.333333333333336
03BNFT06,03BNFT,1991,647,312,335,0,0,0,0.0,0,0,0,0,0,0,0,0.0,0,0,0,0,0,0,,
03BNFT07,03BNFT,1991,494,240,254,9,7,2,1.8218623481781377,0,2,5,2,0,0,0,0.0,16,11,1,7,1,5,14.285714285714286,71.42857142857143
03BNFT08,03BNFT,1991,567,287,280,0,0,0,0.0,0,0,0,0,0,0,0,0.0,0,0,0,0,0,0,,
03BNFT09,03BNFT,1991,413,189,224,4,2,2,0.9685230024213075,0,0,2,2,0,0,3,0.7263922518159807,4,4,0,2,0,2,0.0,100.0
03BNFT10,03BNFT,1991,433,226,207,7,4,3,1.6166281755196306,0,2,2,2,0,0,0,0.0,5,3,0,1,0,1,0.0,100.0
03BNFT11,03BNFT,1991,550,260,290,1,1,0,0.18181818181818182,0,0,2,0,0,0,0,0.0,4,3,2,1,0,1,0.0,100.0
03BNFT12,03BNFT,1991,647,295,352,0,0,0,0.0,0,0,0,0,0,0,0,0.0,4,3,1,3,0,0,0.0,0.0
03BNFT13,03BNFT,1991,393,173,220,1,0,1,0.2544529262086514,0,0,0,0,0,0,0,0.0,2,0,0,2,0,0,0.0,0.0
03BNFT14,03BNFT,1991,469,228,241,0,0,0,0.0,0,0,0,0,0,0,0,0.0,0,0,0,0,0,0,,
03BNFT15,03BNFT,1991,450,227,223,3,3,0,0.6666666666666666,0,1,0,2,0,0,2,0.4444444444444444,3,1,0,2,0,0,0.0,0.0
03BNFT16,03BNFT,1991,532,252,280,0,0,0,0.0,0,0,0,0,0,0,0,0.0,5,2,0,1,0,2,0.0,200.0
03BNFT17,03BNFT,1991,436,194,242,0,0,0,0.0,0,0,0,0,0,0,0,0.0,7,3,2,4,0,2,0.0,50.0
03BNFT18,03BNFT,1991,506,233,273,9,4,5,1.7786561264822134,2,1,2,4,0,0,0,0.0,9,3,0,4,0,1,0.0,25.0
03BNFT19,03BNFT,1991,577,280,297,0,0,0,0.0,0,0,0,0,0,0,0,0.0,1,1,0,0,0,0,,
03BNFT20,03BNFT,1991,479,218,261,0,0,0,0.0,0,0,0,0,0,0,0,0.0,3,2,2,2,0,0,0.0,0.0
03BNFT21,03BNFT,1991,502,259,243,0,0,0,0.0,0,0,0,0,0,0,0,0.0,2,2,0,1,0,1,0.0,100.0
03BNFT22,03BNFT,1991,515,260,255,12,6,6,2.3300970873786406,0,1,6,5,0,3,0,0.0,16,8,3,4,0,2,0.0,50.0
03BNFT23,03BNFT,1991,505,250,255,4,3,1,0.7920792079207921,1,0,1,2,0,0,1,0.19801980198019803,8,5,0,4,0,4,0.0,100.0
03BNFT24,03BNFT,1991,559,274,285,0,0,0,0.0,0,0,0,0,0,0,0,0.0,7,5,0,7,0,4,0.0,57.142857142857146
03BNFT25,03BNFT,1991,547,278,269,6,4,2,1.0968921389396709,0,2,0,4,0,0,2,0.3656307129798903,8,5,3,5,0,3,0.0,60.0
03BNFT26,03BNFT,1991,417,203,214,0,0,0,0.0,0,0,0,0,0,0,0,0.0,0,0,0,0,0,0,,
03BNFU01,03BNFU,1991,513,248,265,4,2,2,0.7797270955165692,1,1,0,2,0,0,0,0.0,2,2,0,2,0,1,0.0,50.0
03BNFU02,03BNFU,1991,510,240,270,0,0,0,0.0,0,0,0,0,0,0,0,0.0,1,1,0,1,0,2,0.0,200.0
03BNFU03,03BNFU,1991,289,153,136,0,0,0,0.0,0,0,0,0,0,0,0,0.0,0,0,0,0,0,0,,
03BNFU04,03BNFU,1991,145,57,88,0,0,0,0.0,0,0,0,0,0,0,0,0.0,0,0,0,0,0,0,,
03BNFU05,03BNFU,1991,428,198,230,3,1,2,0.7009345794392523,0,0,0,2,0,1,0,0.0,2,2,0,2,0,2,0.0,100.0
03BNFU06,03BNFU,1991,472,239,233,0,0,0,0.0,0,0,0,0,0,0,0,0.0,1,0,0,0,0,0,,
03BNFU07,03BNFU,1991,392,185,207,0,0,0,0.0,0,0,0,0,0,0,0,0.0,1,1,0,1,0,1,0.0,100.0
03BNFU08,03BNFU,1991,474,200,274,0,0,0,0.0,0,0,0,0,0,0,0,0.0,0,0,0,0,0,0,,
03BNFU09,03BNFU,1991,311,162,149,0,0,0,0.0,0,0,0,0,0,0,0,0.0,2,2,2,2,0,0,0.0,0.0
03BNFU10,03BNFU,1991,546,242,304,0,0,0,0.0,0,0,0,0,0,0,0,0.0,2,2,0,0,0,0,,
03BNFU11,03BNFU,1991,542,236,306,15,8,7,2.7675276752767526,0,7,1,7,2,0,2,0.36900369003690037,9,6,0,3,0,0,0.0,0.0
03BNFU12,03BNFU,1991,502,237,265,7,3,4,1.3944223107569722,2,0,3,3,0,0,1,0.199203187250996,10,4,0,4,0,3,0.0,75.0
03BNFU13,03BNFU,1991,538,259,279,12,6,6,2.2304832713754648,3,1,4,4,0,1,7,1.3011152416356877,12,6,0,3,0,1,0.0,33.333333333333336
03BNFU14,03BNFU,1991,427,206,221,14,6,8,3.278688524590164,2,3,2,8,0,0,4,0.936768149882904,13,7,0,5,0,2,0.0,40.0
03BNFU15,03BNFU,1991,519,244,275,0,0,0,0.0,0,0,0,0,0,0,0,0.0,3,2,2,2,0,0,0.0,0.0
03BNFU16,03BNFU,1991,490,228,262,2,0,2,0.40816326530612246,0,0,0,3,0,1,0,0.0,4,3,3,4,0,0,0.0,0.0
03BNFU17,03BNFU,1991,468,240,228,5,4,1,1.0683760683760684,0,0,2,2,0,0,0,0.0,7,3,3,2,0,0,0.0,0.0
03BNFU18,03BNFU,1991,403,185,218,0,0,0,0.0,0,0,0,0,0,0,0,0.0,0,0,0,0,0,0,,
03BNFU19,03BNFU,1991,398,184,214,7,4,3,1.7587939698492463,2,0,3,0,2,0,1,0.25125628140703515,9,3,1,3,0,1,0.0,33.333333333333336
03BNFU20,03BNFU,1991,546,250,296,10,5,5,1.8315018315018314,0,3,3,4,0,1,0,0.0,10,2,0,3,0,0,0.0,0.0
03BNFU21,03BNFU,1991,527,249,278,0,0,0,0.0,0,0,0,0,0,0,0,0.0,2,1,1,2,0,0,0.0,0.0
03BNFU22,03BNFU,1991,423,232,191,0,0,0,0.0,0,0,0,1,0,0,1,0.2364066193853428,4,1,1,3,0,0,0.0,0.0
03BNFU23,03BNFU,1991,463,199,264,14,9,5,3.023758099352052,5,2,5,2,0,0,0,0.0,13,7,2,7,0,0,0.0,0.0
03BNFU24,03BNFU,1991,436,193,243,8,4,4,1.834862385321101,0,1,3,4,0,0,0,0.0,9,6,4,3,0,0,0.0,0.0
03BNFU25,03BNFU,1991,365,185,180,4,2,2,1.095890410958904,0,0,1,2,1,0,0,0.0,10,4,3,5,0,0,0.0,0.0
03BNFU26,03BNFU,1991,270,148,122,2,1,1,0.7407407407407407,0,0,2,0,0,0,3,1.1111111111111112,3,2,0,2,0,0,0.0,0.0
03BNFU27,03BNFU,1991,392,213,179,0,0,0,0.0,0,0,0,0,0,0,0,0.0,3,0,1,2,0,0,0.0,0.0
03BNFU28,03BNFU,1991,0,0,0,0,0,0,,0,0,0,0,0,0,0,,0,0,0,0,0,0,,
03BNFW01,03BNFW,1991,0,0,0,0,0,0,,0,0,0,0,0,0,0,,0,0,0,0,0,0,,
03BNFW02,03BNFW,1991,290,173,117,2,0,2,0.6896551724137931,0,0,1,0,0,0,0,0.0,2,2,1,3,0,0,0.0,0.0
03BNFW03,03BNFW,1991,331,176,155,2,2,0,0.6042296072507553,0,0,1,1,0,0,1,0.3021148036253776,7,5,1,5,0,0,0.0,0.0
03BNFW04,03BNFW,1991,434,223,211,34,20,14,7.8341013824884795,2,0,13,16,1,1,27,6.221198156682028,54,23,9,25,0,0,0.0,0.0
03BNFW05,03BNFW,1991,330,183,147,7,3,4,2.121212121212121,0,1,3,3,1,0,4,1.2121212121212122,9,3,2,7,0,0,0.0,0.0
03BNFW06,03BNFW,1991,0,0,0,0,0,0,,0,0,0,0,0,0,0,,0,0,0,0,0,0,,
03BNFW07,03BNFW,1991,727,337,390,0,0,0,0.0,0,0,0,0,0,0,0,0.0,5,2,0,4,0,0,0.0,0.0
03BNFW08,03BNFW,1991,296,150,146,1,1,0,0.33783783783783783,0,0,0,1,0,0,0,0.0,1,1,0,1,0,0,0.0,0.0
03BNFW09,03BNFW,1991,168,97,71,4,4,0,2.380952380952381,0,0,2,3,0,0,5,2.9761904761904763,5,2,0,4,0,0,0.0,0.0
03BNFW10,03BNFW,1991,207,115,92,4,2,2,1.932367149758454,0,0,3,2,0,0,3,1.4492753623188406,8,3,2,5,0,0,0.0,0.0
03BNFW11,03BNFW,1991,397,186,211,0,0,0,0.0,0,0,0,0,0,0,0,0.0,1,1,0,0,0,0,,
03BNFW12,03BNFW,1991,54,43,11,5,5,0,9.25925925925926,0,0,1,4,0,4,3,5.555555555555555,5,0,1,6,0,0,0.0,0.0
03BNFW13,03BNFW,1991,209,143,66,0,0,0,0.0,0,0,0,0,0,0,0,0.0,8,5,2,5,0,0,0.0,0.0
03BNFW14,03BNFW,1991,291,174,117,13,10,3,4.4673539518900345,0,0,9,4,0,0,7,2.4054982817869415,32,7,3,12,0,0,0.0,0.0
03BNFW15,03BNFW,1991,371,155,216,2,2,0,0.5390835579514824,0,0,0,1,0,1,1,0.2695417789757412,5,2,1,1,0,0,0.0,0.0
03BNFW16,03BNFW,1991,92,78,14,8,8,0,8.695652173913043,0,0,2,5,0,0,7,7.608695652173913,9,2,1,2,0,0,0.0,0.0
03BNFW17,03BNFW,1991,81,58,23,2,2,0,2.4691358024691357,0,0,3,0,0,0,0,0.0,2,0,0,2,0,0,0.0,0.0
03BNFW18,03BNFW,1991,210,103,107,0,0,0,0.0,0,0,0,0,0,0,0,0.0,0,0,0,0,0,0,,
03BNFW19,03BNFW,1991,299,168,131,25,15,10,8.361204013377927,0,1,13,11,0,2,7,2.3411371237458196,27,8,2,11,0,0,0.0,0.0
03BNFW20,03BNFW,1991,275,156,119,25,23,2,9.090909090909092,0,0,23,2,0,0,3,1.0909090909090908,33,7,5,13,1,0,7.6923076923076925,0.0
03BNFW21,03BNFW,1991,302,173,129,10,5,5,3.3112582781456954,0,0,6,4,0,0,5,1.6556291390728477,32,6,1,15,0,0,0.0,0.0
03BNFW22,03BNFW,1991,266,162,104,4,2,2,1.5037593984962405,0,0,2,1,1,0,1,0.37593984962406013,51,10,3,28,5,1,17.857142857142858,3.5714285714285716
03BNFW23,03BNFW,1991,328,173,155,15,13,2,4.573170731707317,0,2,6,8,0,1,14,4.2682926829268295,31,9,4,13,0,0,0.0,0.0
03BNFW24,03BNFW,1991,136,86,50,15,8,7,11.029411764705882,2,0,4,6,4,1,0,0.0,19,9,5,13,0,0,0.0,0.0
03BNFW25,03BNFW,1991,171,103,68,3,1,2,1.7543859649122806,0,0,2,2,0,0,0,0.0,6,4,1,3,0,0,0.0,0.0
03BNFW26,03BNFW,1991,0,0,0,0,0,0,,0,0,0,0,0,0,0,,0,0,0,0,0,0,,
03BNFW27,03BNFW,1991,203,132,71,27,26,1,13.300492610837438,0,0,4,23,0,0,27,13.300492610837438,34,16,1,13,0,0,0.0,0.0
03BNFW28,03BNFW,1991,95,53,42,0,0,0,0.0,0,0,0,0,0,0,0,0.0,3,1,0,1,0,1,0.0,100.0
03BNFW29,03BNFW,1991,314,151,163,3,3,0,0.9554140127388535,0,0,0,3,0,0,4,1.2738853503184713,6,1,0,3,0,0,0.0,0.0
03BNFW30,03BNFW,1991,486,214,272,5,3,2,1.02880658436214,0,0,2,2,0,0,3,0.6172839506172839,16,7,4,5,1,1,20.0,20.0
03BNFW31,03BNFW,1991,0,0,0,0,0,0,,0,0,0,0,0,0,0,,0,0,0,0,0,0,,
03BNFW32,03BNFW,1991,0,0,0,0,0,0,,0,0,0,0,0,0,0,,0,0,0,0,0,0,,
03BNFW33,03BNFW,1991,0,0,0,0,0,0,,0,0,0,0,0,0,0,,0,0,0,0,0,0,,
03BNFW34,03BNFW,1991,0,0,0,0,0,0,,0,0,0,0,0,0,0,,0,0,0,0,0,0,,
03BNFW35,03BNFW,1991,0,0,0,0,0,0,,0,0,0,0,0,0,0,,0,0,0,0,0,0,,
03BNFW36,03BNFW,1991,85,85,0,16,16,0,18.823529411764707,0,0,15,2,0,2,0,0.0,40,3,1,0,0,0,,
03BNFW37,03BNFW,1991,0,0,0,0,0,0,,0,0,0,0,0,0,0,,0,0,0,0,0,0,,
03BNFW38,03BNFW,1991,0,0,0,0,0,0,,0,0,0,0,0,0,0,,0,0,0,0,0,0,,
03BNFW39,03BNFW,1991,0,0,0,0,0,0,,0,0,0,0,0,0,0,,0,0,0,0,0,0,,
03BNFW40,03BNFW,1991,0,0,0,0,0,0,,0,0,0,0,0,0,0,,0,0,0,0,0,0,,
03BNFW41,03BNFW,1991,0,0,0,0,0,0,,0,0,0,0,0,0,0,,0,0,0,0,0,0,,
03BNFW42,03BNFW,1991,0,0,0,0,0,0,,0,0,0,0,0,0,0,,0,0,0,0,0,0,,
03BNFW43,03BNFW,1991,0,0,0,0,0,0,,0,0,0,0,0,0,0,,0,0,0,0,0,0,,
03BNFW44,03BNFW,1991,0,0,0,0,0,0,,0,0,0,0,0,0,0,,0,0,0,0,0,0,,
03BNFW45,03BNFW,1991,0,0,0,0,0,0,,0,0,0,0,0,0,0,,0,0,0,0,0,0,,
03BNFW46,03BNFW,1991,0,0,0,0,0,0,,0,0,0,0,0,0,0,,0,0,0,0,0,0,,
03BNFX01,03BNFX,1991,376,190,186,0,0,0,0.0,0,0,0,0,0,0,0,0.0,3,0,0,0,0,0,,
03BNFX02,03BNFX,1991,397,227,170,4,1,3,1.0075566750629723,0,0,1,3,0,0,2,0.5037783375314862,4,4,2,3,0,3,0.0,100.0
03BNFX03,03BNFX,1991,350,182,168,0,0,0,0.0,0,0,0,0,0,0,0,0.0,4,2,0,2,0,1,0.0,50.0
03BNFX04,03BNFX,1991,473,218,255,6,3,3,1.2684989429175475,0,0,5,3,0,0,0,0.0,11,7,2,3,0,2,0.0,66.66666666666667
03BNFX05,03BNFX,1991,415,206,209,0,0,0,0.0,0,0,0,0,0,0,0,0.0,1,1,0,1,0,1,0.0,100.0
03BNFX06,03BNFX,1991,412,190,222,8,4,4,1.941747572815534,0,2,2,5,0,0,0,0.0,17,10,1,5,0,3,0.0,60.0
03BNFX07,03BNFX,1991,479,251,228,5,2,3,1.0438413361169103,0,0,3,1,1,0,1,0.20876826722338204,6,3,0,1,0,0,0.0,0.0
03BNFX08,03BNFX,1991,186,104,82,0,0,0,0.0,0,0,0,0,0,0,0,0.0,0,0,0,0,0,0,,
03BNFX09,03BNFX,1991,174,104,70,0,0,0,0.0,0,0,0,0,0,0,0,0.0,3,1,1,2,0,0,0.0,0.0
03BNFX10,03BNFX,1991,388,200,188,1,1,0,0.25773195876288657,0,0,1,0,0,0,1,0.25773195876288657,4,1,0,2,0,2,0.0,100.0
03BNFX11,03BNFX,1991,593,294,299,2,2,0,0.3372681281618887,0,0,3,0,0,0,0,0.0,19,10,3,7,0,4,0.0,57.142857142857146
03BNFX12,03BNFX,1991,327,161,166,7,5,2,2.140672782874618,2,3,0,2,0,3,0,0.0,2,2,1,1,0,0,0.0,0.0
03BNFX13,03BNFX,1991,491,252,239,0,0,0,0.0,0,0,0,0,0,0,0,0.0,5,5,0,4,0,4,0.0,100.0
03BNFX14,03BNFX,1991,703,341,362,0,0,0,0.0,0,0,0,0,0,0,0,0.0,5,5,2,3,0,2,0.0,66.66666666666667
03BNFX15,03BNFX,1991,556,256,300,5,4,1,0.8992805755395683,0,2,1,2,0,2,0,0.0,7,6,0,4,0,1,0.0,25.0
03BNFX16,03BNFX,1991,488,244,244,0,0,0,0.0,0,0,0,0,0,0,0,0.0,0,0,0,0,0,0,,
03BNFX17,03BNFX,1991,577,268,309,4,2,2,0.6932409012131716,1,2,2,1,0,0,1,0.1733102253032929,6,6,0,4,1,2,25.0,50.0
03BNFX18,03BNFX,1991,514,241,273,0,0,0,0.0,0,0,0,0,0,0,0,0.0,2,2,0,3,0,0,0.0,0.0
03BNFX19,03BNFX,1991,622,299,323,6,3,3,0.9646302250803859,1,0,1,4,0,0,0,0.0,8,5,1,2,0,2,0.0,100.0
03BNFX20,03BNFX,1991,711,329,382,6,2,4,0.8438818565400844,0,2,2,3,0,0,2,0.2812939521800281,7,3,0,3,0,3,0.0,100.0
03BNFX21,03BNFX,1991,635,299,336,0,0,0,0.0,0,0,0,0,0,0,0,0.0,11,6,3,2,0,1,0.0,50.0
03BNFX22,03BNFX,1991,583,278,305,6,4,2,1.0291595197255574,1,1,0,2,0,0,0,0.0,10,6,3,3,0,3,0.0,100.0
03BNFX23,03BNFX,1991,161,80,81,0,0,0,0.0,0,0,0,0,0,0,0,0.0,0,0,0,0,0,0,,
03BNFX24,03BNFX,1991,526,261,265,3,2,1,0.5703422053231939,0,0,1,1,1,0,0,0.0,12,5,1,4,0,2,0.0,50.0
03BNFX25,03BNFX,1991,563,261,302,2,2,0,0.3552397868561279,0,0,1,0,0,0,0,0.0,5,4,0,4,0,3,0.0,75.0
03BNFX26,03BNFX,1991,504,245,259,7,4,3,1.3888888888888888,0,1,3,3,0,0,2,0.3968253968253968,13,9,3,6,0,5,0.0,83.33333333333333
03BNFX27,03BNFX,1991,505,246,259,6,2,4,1.188118811881188,0,1,3,2,0,0,0,0.0,6,4,0,1,0,1,0.0,100.0
03BNFX28,03BNFX,1991,558,272,286,4,2,2,0.7168458781362007,0,1,1,2,0,0,0,0.0,17,10,1,6,0,4,0.0,66.66666666666667
03BNFY01,03BNFY,1991,603,293,310,0,0,0,0.0,0,0,0,0,0,0,0,0.0,0,0,0,0,0,0,,
03BNFY02,03BNFY,1991,520,263,257,0,0,0,0.0,0,0,0,0,0,0,0,0.0,0,0,0,0,0,0,,
03BNFY03,03BNFY,1991,482,224,258,1,0,1,0.2074688796680498,0,0,1,0,0,0,0,0.0,1,1,0,1,0,1,0.0,100.0
03BNFY04,03BNFY,1991,602,274,328,2,0,2,0.33222591362126247,0,0,1,1,0,0,0,0.0,3,2,0,1,0,2,0.0,200.0
03BNFY05,03BNFY,1991,665,318,347,0,0,0,0.0,0,0,0,0,0,0,0,0.0,1,1,0,1,0,0,0.0,0.0
03BNFY06,03BNFY,1991,673,309,364,0,0,0,0.0,0,0,0,0,0,0,0,0.0,0,0,0,0,0,0,,
03BNFY07,03BNFY,1991,455,214,241,0,0,0,0.0,0,0,0,0,0,0,0,0.0,3,3,0,2,0,2,0.0,100.0
03BNFY08,03BNFY,1991,466,229,237,2,2,0,0.4291845493562232,0,0,0,0,0,0,0,0.0,2,1,0,1,0,1,0.0,100.0
03BNFY09,03BNFY,1991,479,214,265,0,0,0,0.0,0,0,0,1,0,0,1,0.20876826722338204,1,1,0,2,0,1,0.0,50.0
03BNFY10,03BNFY,1991,465,216,249,0,0,0,0.0,0,0,0,0,0,0,0,0.0,0,0,0,0,0,0,,
03BNFY11,03BNFY,1991,493,223,270,4,2,2,0.8113590263691683,0,1,1,2,0,0,1,0.2028397565922921,5,2,1,2,0,1,0.0,50.0
03BNFY12,03BNFY,1991,429,184,245,6,4,2,1.3986013986013985,1,1,1,3,0,0,0,0.0,6,6,1,3,0,4,0.0,133.33333333333334
03BNFY13,03BNFY,1991,463,217,246,0,0,0,0.0,0,0,0,0,0,0,0,0.0,0,0,0,0,0,0,,
03BNFY14,03BNFY,1991,434,217,217,4,1,3,0.9216589861751152,0,1,2,1,0,0,0,0.0,3,3,1,1,0,0,0.0,0.0
03BNFY15,03BNFY,1991,470,237,233,7,5,2,1.4893617021276595,0,0,4,2,0,1,3,0.6382978723404256,7,4,1,1,0,1,0.0,100.0
03BNFY16,03BNFY,1991,481,222,259,0,0,0,0.0,0,0,0,0,0,0,0,0.0,1,0,0,1,0,0,0.0,0.0
03BNFY17,03BNFY,1991,455,217,238,3,3,0,0.6593406593406593,0,0,2,2,0,0,0,0.0,3,0,0,1,0,0,0.0,0.0
03BNFY18,03BNFY,1991,469,217,252,0,0,0,0.0,0,0,0,0,0,0,0,0.0,0,0,0,0,0,0,,
03BNFY19,03BNFY,1991,623,312,311,6,3,3,0.9630818619582665,1,0,2,2,0,0,1,0.16051364365971107,4,3,0,0,0,1,,
03BNFY20,03BNFY,1991,546,261,285,0,0,0,0.0,0,0,0,0,0,0,0,0.0,2,1,3,0,0,0,,
03BNFY21,03BNFY,1991,534,233,301,0,0,0,0.0,0,0,0,0,0,0,0,0.0,4,3,2,2,3,0,150.0,0.0
03BNFY22,03BNFY,1991,404,190,214,0,0,0,0.0,0,0,0,0,0,0,0,0.0,1,1,0,1,0,0,0.0,0.0
03BNFY23,03BNFY,1991,591,285,306,0,0,0,0.0,0,0,0,0,0,0,0,0.0,3,2,0,2,0,1,0.0,50.0
03BNFY24,03BNFY,1991,516,244,272,2,2,0,0.3875968992248062,0,0,1,1,0,0,0,0.0,2,2,0,2,0,0,0.0,0.0
03BNFY25,03BNFY,1991,384,164,220,3,1,2,0.78125,1,0,2,0,0,0,0,0.0,2,2,0,1,0,0,0.0,0.0
03BNFY26,03BNFY,1991,486,207,279,0,0,0,0.0,0,0,0,0,0,0,0,0.0,3,2,1,0,0,0,,
03BNFZ01,03BNFZ,1991,489,226,263,21,10,11,4.294478527607362,2,10,1,7,1,0,4,0.8179959100204499,21,13,9,11,0,0,0.0,0.0
03BNFZ02,03BNFZ,1991,638,282,356,14,6,8,2.19435736677116,2,1,7,4,0,3,8,1.2539184952978057,30,7,4,17,0,0,0.0,0.0
03BNFZ03,03BNFZ,1991,584,278,306,12,5,7,2.0547945205479454,2,5,0,5,0,0,0,0.0,10,2,1,6,0,0,0.0,0.0
03BNFZ04,03BNFZ,1991,598,295,303,50,29,21,8.361204013377927,11,8,12,19,2,3,6,1.0033444816053512,52,34,3,24,1,20,4.166666666666667,83.33333333333333
03BNFZ05,03BNFZ,1991,498,229,269,0,0,0,0.0,0,0,0,0,0,0,0,0.0,3,2,0,2,0,2,0.0,100.0
03BNFZ06,03BNFZ,1991,142,81,61,0,0,0,0.0,0,0,0,0,0,0,0,0.0,0,0,0,1,0,0,0.0,0.0
03BNFZ07,03BNFZ,1991,253,133,120,2,1,1,0.7905138339920948,0,0,0,1,0,0,0,0.0,1,0,0,1,0,0,0.0,0.0
03BNFZ08,03BNFZ,1991,270,138,132,4,2,2,1.4814814814814814,1,0,0,2,0,0,0,0.0,3,2,0,1,0,0,0.0,0.0
03BNFZ09,03BNFZ,1991,440,234,206,17,7,10,3.8636363636363638,0,2,8,6,0,0,4,0.9090909090909091,34,16,6,13,1,4,7.6923076923076925,30.76923076923077
03BNFZ10,03BNFZ,1991,266,127,139,6,5,1,2.255639097744361,0,0,6,2,0,0,0,0.0,9,2,1,3,0,0,0.0,0.0
03BNFZ11,03BNFZ,1991,450,227,223,6,4,2,1.3333333333333333,0,0,4,2,0,0,2,0.4444444444444444,18,8,2,8,0,4,0.0,50.0
03BNFZ12,03BNFZ,1991,445,232,213,7,5,2,1.5730337078651686,0,3,2,2,0,0,0,0.0,17,10,2,6,1,3,16.666666666666668,50.0
03BNFZ13,03BNFZ,1991,600,301,299,14,8,6,2.3333333333333335,3,2,2,6,1,0,1,0.16666666666666666,19,12,0,9,0,6,0.0,66.66666666666667
03BNFZ14,03BNFZ,1991,356,186,170,9,6,3,2.5280898876404496,0,0,9,0,0,0,2,0.5617977528089888,11,4,1,4,0,1,0.0,25.0
03BNFZ15,03BNFZ,1991,184,108,76,12,6,6,6.521739130434782,0,1,9,2,0,1,0,0.0,12,2,1,5,0,0,0.0,0.0
03BNFZ16,03BNFZ,1991,264,136,128,4,4,0,1.5151515151515151,0,0,4,0,0,0,0,0.0,12,4,0,4,0,1,0.0,25.0
03BNFZ17,03BNFZ,1991,552,271,281,7,4,3,1.2681159420289856,0,0,3,3,0,0,1,0.18115942028985507,26,14,6,9,1,1,11.11111111111111,11.11111111111111
03BNFZ18,03BNFZ,1991,383,190,193,3,2,1,0.783289817232376,0,0,3,0,0,0,0,0.0,12,6,2,9,0,3,0.0,33.333333333333336
03BNFZ19,03BNFZ,1991,384,193,191,7,4,3,1.8229166666666667,0,1,3,2,0,0,1,0.2604166666666667,24,17,5,13,0,5,0.0,38.46153846153846
03BNFZ20,03BNFZ,1991,425,221,204,8,4,4,1.8823529411764706,0,0,5,3,0,0,0,0.0,18,8,1,6,0,3,0.0,50.0
03BNFZ21,03BNFZ,1991,522,272,250,3,1,2,0.5747126436781609,0,0,1,2,0,0,0,0.0,4,2,0,3,0,2,0.0,66.66666666666667
03BNFZ22,03BNFZ,1991,539,271,268,0,0,0,0.0,0,0,0,0,0,0,0,0.0,2,0,0,2,0,0,0.0,0.0
03BNFZ23,03BNFZ,1991,474,222,252,1,1,0,0.2109704641350211,0,0,0,0,0,0,0,0.0,9,5,0,4,0,1,0.0,25.0
03BNFZ24,03BNFZ,1991,505,230,275,0,0,0,0.0,0,0,0,0,0,0,0,0.0,2,1,0,0,0,0,,
03BNFZ25,03BNFZ,1991,354,184,170,3,2,1,0.847457627118644,0,0,0,3,0,0,4,1.1299435028248588,7,2,1,2,0,0,0.0,0.0
03BNFZ26,03BNFZ,1991,410,194,216,1,1,0,0.24390243902439024,0,0,0,1,0,0,0,0.0,16,10,8,11,0,2,0.0,18.181818181818183
03BNFZ27,03BNFZ,1991,501,231,270,7,4,3,1.3972055888223553,0,1,0,6,0,0,3,0.5988023952095808,8,8,2,3,0,4,0.0,133.33333333333334
03BNFZ28,03BNFZ,1991,433,200,233,0,0,0,0.0,0,0,0,0,0,0,0,0.0,2,0,0,2,0,0,0.0,0.0
03BNFZ29,03BNFZ,1991,421,184,237,0,0,0,0.0,0,0,0,0,0,0,0,0.0,0,0,0,0,0,0,,
03BNFZ30,03BNFZ,1991,467,236,231,4,2,2,0.8565310492505354,2,0,0,1,0,0,1,0.21413276231263384,4,3,1,3,0,2,0.0,66.66666666666667
03BNFZ31,03BNFZ,1991,496,279,217,3,2,1,0.6048387096774194,0,2,0,2,0,0,1,0.20161290322580644,4,2,0,1,0,0,0.0,0.0
03BNFZ32,03BNFZ,1991,472,232,240,4,1,3,0.847457627118644,0,0,2,1,0,0,0,0.0,14,8,4,7,0,4,0.0,57.142857142857146
03BNFZ33,03BNFZ,1991,541,267,274,1,1,0,0.18484288354898337,0,0,1,0,0,0,0,0.0,5,2,0,2,0,2,0.0,100.0
03BNFZ34,03BNFZ,1991,578,289,289,0,0,0,0.0,0,0,0,0,0,0,0,0.0,20,9,3,6,0,4,0.0,66.66666666666667
03BNGA01,03BNGA,1991,321,147,174,6,2,4,1.8691588785046729,0,2,2,2,0,0,7,2.1806853582554515,4,2,0,1,0,0,0.0,0.0
03BNGA02,03BNGA,1991,383,168,215,0,0,0,0.0,0,0,0,0,0,0,0,0.0,6,2,2,5,0,0,0.0,0.0
03BNGA03,03BNGA,1991,525,235,290,11,5,6,2.0952380952380953,0,0,1,8,0,0,6,1.1428571428571428,30,21,12,11,2,0,18.181818181818183,0.0
03BNGA04,03BNGA,1991,265,125,140,4,2,2,1.509433962264151,0,0,0,3,0,0,3,1.1320754716981132,14,6,3,7,0,0,0.0,0.0
03BNGA05,03BNGA,1991,387,191,196,0,0,0,0.0,0,0,0,0,0,0,1,0.25839793281653745,5,3,4,2,0,0,0.0,0.0
03BNGA06,03BNGA,1991,511,228,283,30,17,13,5.870841487279844,0,0,26,5,0,0,0,0.0,40,33,8,10,0,10,0.0,100.0
03BNGA07,03BNGA,1991,551,269,282,17,10,7,3.0852994555353903,1,0,8,6,0,0,8,1.4519056261343013,23,7,2,19,0,2,0.0,10.526315789473685
03BNGA08,03BNGA,1991,465,198,267,0,0,0,0.0,0,0,0,0,0,0,0,0.0,5,5,4,2,0,0,0.0,0.0
03BNGA09,03BNGA,1991,381,201,180,3,2,1,0.7874015748031497,0,0,2,2,0,0,3,0.7874015748031497,19,13,8,8,0,0,0.0,0.0
03BNGA10,03BNGA,1991,392,189,203,0,0,0,0.0,0,0,0,0,0,0,0,0.0,4,2,0,1,0,0,0.0,0.0
03BNGA11,03BNGA,1991,414,181,233,0,0,0,0.0,0,0,0,0,0,0,0,0.0,10,6,5,4,0,0,0.0,0.0
03BNGA12,03BNGA,1991,385,178,207,0,0,0,0.0,0,0,0,0,0,0,0,0.0,4,3,1,1,0,1,0.0,100.0
03BNGA13,03BNGA,1991,435,205,230,14,2,12,3.218390804597701,6,0,4,4,0,0,0,0.0,10,5,0,3,0,0,0.0,0.0
03BNGA14,03BNGA,1991,468,216,252,1,1,0,0.21367521367521367,0,0,1,0,0,0,0,0.0,10,6,1,4,0,0,0.0,0.0
03BNGA15,03BNGA,1991,360,160,200,3,2,1,0.8333333333333334,0,0,0,1,2,0,1,0.2777777777777778,15,9,4,5,0,3,0.0,60.0
03BNGA16,03BNGA,1991,595,305,290,4,4,0,0.6722689075630253,0,0,5,0,0,0,0,0.0,16,5,0,4,0,1,0.0,25.0
03BNGA17,03BNGA,1991,514,236,278,13,7,6,2.529182879377432,1,2,5,5,0,0,4,0.7782101167315175,23,8,4,10,0,0,0.0,0.0
03BNGA18,03BNGA,1991,496,218,278,4,1,3,0.8064516129032258,0,0,3,0,1,0,1,0.20161290322580644,21,7,3,12,0,2,0.0,16.666666666666668
03BNGA19,03BNGA,1991,239,116,123,0,0,0,0.0,0,0,0,0,0,0,0,0.0,10,5,2,2,0,1,0.0,50.0
03BNGA20,03BNGA,1991,320,139,181,3,3,0,0.9375,0,0,0,0,2,0,0,0.0,10,4,0,7,0,3,0.0,42.857142857142854
03BNGA21,03BNGA,1991,520,238,282,6,2,4,1.1538461538461537,0,0,4,3,0,2,2,0.38461538461538464,20,5,4,10,0,1,0.0,10.0
03BNGA22,03BNGA,1991,205,97,108,0,0,0,0.0,0,0,0,0,0,0,0,0.0,1,1,0,0,0,0,,
03BNGA23,03BNGA,1991,198,78,120,3,3,0,1.5151515151515151,0,0,2,0,0,0,2,1.0101010101010102,5,2,1,3,0,0,0.0,0.0
03BNGA24,03BNGA,1991,478,236,242,5,2,3,1.0460251046025104,0,2,0,1,0,0,0,0.0,9,5,0,5,0,0,0.0,0.0
03BNGA25,03BNGA,1991,433,194,239,0,0,0,0.0,0,0,0,0,0,0,0,0.0,4,2,0,3,0,1,0.0,33.333333333333336
03BNGA26,03BNGA,1991,397,216,181,2,1,1,0.5037783375314862,0,0,2,0,0,0,2,0.5037783375314862,9,7,6,7,0,0,0.0,0.0
03BNGA27,03BNGA,1991,444,207,237,10,6,4,2.2522522522522523,0,1,5,4,0,0,4,0.9009009009009009,27,14,4,7,0,2,0.0,28.571428571428573
03BNGA28,03BNGA,1991,360,188,172,5,4,1,1.3888888888888888,0,0,5,0,0,0,0,0.0,9,2,0,2,0,1,0.0,50.0
03BNGA29,03BNGA,1991,443,198,245,0,0,0,0.0,0,0,0,0,0,0,0,0.0,4,1,0,4,0,0,0.0,0.0
03BNGA30,03BNGA,1991,249,112,137,4,3,1,1.606425702811245,0,0,3,1,0,0,0,0.0,6,4,0,2,0,1,0.0,50.0
03BNGA31,03BNGA,1991,162,81,81,0,0,0,0.0,0,0,0,0,0,0,0,0.0,0,0,0,0,0,0,,
03BNGA32,03BNGA,1991,407,179,228,5,3,2,1.2285012285012284,0,1,1,3,0,4,1,0.2457002457002457,9,4,0,4,0,1,0.0,25.0
03BNGA33,03BNGA,1991,420,204,216,2,1,1,0.47619047619047616,0,0,0,0,3,0,0,0.0,11,3,2,4,0,0,0.0,0.0
03BNGB01,03BNGB,1991,536,272,264,0,0,0,0.0,0,0,0,0,0,0,0,0.0,0,0,0,0,0,0,,
03BNGB02,03BNGB,1991,623,283,340,0,0,0,0.0,0,0,0,0,0,0,0,0.0,1,0,0,1,0,0,0.0,0.0
03BNGB03,03BNGB,1991,631,283,348,10,6,4,1.5847860538827259,0,0,6,3,0,0,2,0.31695721077654515,9,9,0,2,0,2,0.0,100.0
03BNGB04,03BNGB,1991,640,300,340,12,5,7,1.875,3,2,2,3,2,0,0,0.0,7,5,0,2,0,1,0.0,50.0
03BNGB05,03BNGB,1991,584,275,309,6,2,4,1.0273972602739727,2,0,2,2,1,0,0,0.0,6,1,0,2,0,1,0.0,50.0
03BNGB06,03BNGB,1991,575,289,286,0,0,0,0.0,0,0,0,0,0,0,0,0.0,0,0,0,0,0,0,,
03BNGB07,03BNGB,1991,591,276,315,0,0,0,0.0,0,0,0,0,0,0,0,0.0,2,2,0,1,0,1,0.0,100.0
03BNGB08,03BNGB,1991,623,279,344,0,0,0,0.0,0,0,0,0,0,0,0,0.0,0,0,0,0,0,0,,
03BNGB09,03BNGB,1991,584,261,323,0,0,0,0.0,0,0,0,0,0,0,0,0.0,1,0,0,0,0,0,,
03BNGB10,03BNGB,1991,490,224,266,0,0,0,0.0,0,0,0,0,0,0,0,0.0,1,0,0,0,0,0,,
03BNGB11,03BNGB,1991,617,294,323,0,0,0,0.0,0,0,0,0,0,0,0,0.0,2,2,0,0,0,0,,
03BNGB12,03BNGB,1991,487,223,264,4,3,1,0.8213552361396304,0,3,0,2,0,0,0,0.0,3,3,0,1,0,2,0.0,200.0
03BNGB13,03BNGB,1991,452,210,242,3,2,1,0.6637168141592921,2,0,0,2,0,0,0,0.0,2,1,0,1,0,0,0.0,0.0
03BNGB14,03BNGB,1991,681,323,358,10,2,8,1.4684287812041117,0,3,3,3,1,0,3,0.44052863436123346,10,5,1,3,0,3,0.0,100.0
03BNGB15,03BNGB,1991,582,292,290,10,5,5,1.7182130584192439,3,2,2,3,0,0,3,0.5154639175257731,5,5,0,2,0,2,0.0,100.0
03BNGB16,03BNGB,1991,597,291,306,0,0,0,0.0,0,0,0,0,0,0,0,0.0,0,0,0,0,0,0,,
03BNGB17,03BNGB,1991,569,277,292,5,2,3,0.8787346221441125,0,0,3,2,0,2,0,0.0,4,1,0,1,0,0,0.0,0.0
03BNGB18,03BNGB,1991,503,241,262,0,0,0,0.0,0,0,0,0,0,0,0,0.0,0,0,0,0,0,0,,
03BNGB19,03BNGB,1991,541,275,266,0,0,0,0.0,0,0,0,0,0,0,0,0.0,1,1,0,1,0,0,0.0,0.0
03BNGB20,03BNGB,1991,579,312,267,3,2,1,0.5181347150259067,0,0,0,1,0,0,1,0.17271157167530224,4,3,0,2,0,1,0.0,50.0
03BNGB21,03BNGB,1991,655,337,318,16,7,9,2.4427480916030535,1,4,5,5,1,0,4,0.6106870229007634,16,12,1,8,0,6,0.0,75.0
03BNGB22,03BNGB,1991,751,365,386,23,14,9,3.062583222370173,1,6,4,12,0,0,4,0.5326231691078562,17,14,0,8,0,8,0.0,100.0
03BNGC01,03BNGC,1991,590,301,289,5,2,3,0.847457627118644,0,0,4,0,0,0,0,0.0,9,5,2,3,0,2,0.0,66.66666666666667
03BNGC02,03BNGC,1991,420,212,208,0,0,0,0.0,0,0,0,0,0,0,0,0.0,0,0,1,1,0,0,0.0,0.0
03BNGC03,03BNGC,1991,518,239,279,0,0,0,0.0,0,0,0,0,0,0,0,0.0,2,2,0,3,0,0,0.0,0.0
03BNGC04,03BNGC,1991,499,235,264,0,0,0,0.0,0,0,0,0,0,0,0,0.0,0,0,0,0,0,0,,
03BNGC05,03BNGC,1991,528,277,251,0,0,0,0.0,0,0,0,0,0,0,0,0.0,1,0,0,0,0,0,,
03BNGC06,03BNGC,1991,494,229,265,1,0,1,0.20242914979757085,0,0,1,0,0,0,1,0.20242914979757085,3,3,0,1,0,0,0.0,0.0
03BNGC07,03BNGC,1991,732,345,387,5,2,3,0.6830601092896175,1,2,0,2,0,0,0,0.0,4,3,0,2,0,2,0.0,100.0
03BNGC08,03BNGC,1991,530,251,279,5,1,4,0.9433962264150944,0,1,1,2,0,0,0,0.0,6,3,0,3,0,2,0.0,66.66666666666667
03BNGC09,03BNGC,1991,511,250,261,1,1,0,0.19569471624266144,1,0,0,0,0,0,0,0.0,2,2,1,1,0,1,0.0,100.0
03BNGC10,03BNGC,1991,531,244,287,4,2,2,0.7532956685499058,1,2,0,0,1,0,0,0.0,4,3,0,2,0,1,0.0,50.0
03BNGC11,03BNGC,1991,639,295,344,2,1,1,0.3129890453834116,1,1,0,0,0,0,1,0.1564945226917058,2,1,0,1,0,0,0.0,0.0
03BNGC12,03BNGC,1991,620,294,326,0,0,0,0.0,0,0,0,0,0,0,0,0.0,2,1,1,1,0,1,0.0,100.0
03BNGC13,03BNGC,1991,536,246,290,4,3,1,0.746268656716418,0,0,4,0,0,0,0,0.0,7,1,0,3,0,1,0.0,33.333333333333336
03BNGC14,03BNGC,1991,491,220,271,0,0,0,0.0,0,0,0,0,0,0,0,0.0,0,0,0,0,0,0,,
03BNGC15,03BNGC,1991,513,236,277,0,0,0,0.0,0,0,0,0,0,0,0,0.0,0,0,0,0,0,0,,
03BNGC16,03BNGC,1991,401,182,219,0,0,0,0.0,0,0,0,0,0,0,0,0.0,4,3,2,4,0,0,0.0,0.0
03BNGC17,03BNGC,1991,436,182,254,0,0,0,0.0,0,0,0,0,0,0,0,0.0,1,1,1,0,0,0,,
03BNGC18,03BNGC,1991,439,211,228,0,0,0,0.0,0,0,0,0,0,0,0,0.0,0,0,0,0,0,0,,
03BNGC19,03BNGC,1991,290,125,165,0,0,0,0.0,0,0,0,0,0,0,0,0.0,1,1,0,1,0,0,0.0,0.0
03BNGC20,03BNGC,1991,435,209,226,0,0,0,0.0,0,0,0,0,0,0,0,0.0,0,0,0,0,0,0,,
03BNGC21,03BNGC,1991,570,280,290,9,5,4,1.5789473684210527,1,3,0,2,0,0,3,0.5263157894736842,3,2,0,2,0,1,0.0,50.0
03BNGC22,03BNGC,1991,491,226,265,0,0,0,0.0,0,0,0,0,0,0,0,0.0,3,3,0,1,0,0,0.0,0.0
03BNGC23,03BNGC,1991,480,223,257,1,1,0,0.20833333333333334,0,0,0,2,0,0,0,0.0,1,1,0,0,0,0,,
03BNGC24,03BNGC,1991,435,223,212,0,0,0,0.0,0,0,0,0,0,0,0,0.0,0,0,0,0,0,0,,
03BNGC25,03BNGC,1991,535,262,273,0,0,0,0.0,0,0,0,0,0,0,0,0.0,1,0,0,0,0,0,,
03BNGD01,03BNGD,1991,524,217,307,0,0,0,0.0,0,0,0,0,0,0,0,0.0,1,1,0,1,0,0,0.0,0.0
03BNGD02,03BNGD,1991,440,207,233,0,0,0,0.0,0,0,0,0,0,0,0,0.0,4,4,0,4,0,2,0.0,50.0
03BNGD03,03BNGD,1991,434,192,242,0,0,0,0.0,0,0,0,0,0,0,0,0.0,0,0,0,0,0,0,,
03BNGD04,03BNGD,1991,494,222,272,0,0,0,0.0,0,0,0,0,0,0,0,0.0,3,1,0,0,0,0,,
03BNGD05,03BNGD,1991,513,253,260,0,0,0,0.0,0,0,0,0,0,0,0,0.0,8,4,2,5,0,2,0.0,40.0
03BNGD06,03BNGD,1991,446,200,246,0,0,0,0.0,0,0,0,0,0,0,0,0.0,7,5,3,4,0,0,0.0,0.0
03BNGD07,03BNGD,1991,485,231,254,1,0,1,0.20618556701030927,0,0,0,1,0,0,0,0.0,4,2,1,3,0,0,0.0,0.0
03BNGD08,03BNGD,1991,520,220,300,0,0,0,0.0,0,0,0,0,0,0,0,0.0,0,0,0,0,0,0,,
03BNGD09,03BNGD,1991,554,247,307,0,0,0,0.0,0,0,0,0,0,0,0,0.0,0,0,0,0,0,0,,
03BNGD10,03BNGD,1991,648,299,349,0,0,0,0.0,0,0,0,0,0,0,0,0.0,1,1,0,1,0,0,0.0,0.0
03BNGD11,03BNGD,1991,600,301,299,10,5,5,1.6666666666666667,2,4,0,4,0,0,0,0.0,11,9,1,5,1,1,20.0,20.0
03BNGD12,03BNGD,1991,612,281,331,1,0,1,0.16339869281045752,0,1,0,0,0,0,0,0.0,0,0,0,0,0,0,,
03BNGD13,03BNGD,1991,682,311,371,0,0,0,0.0,0,0,0,0,0,0,0,0.0,3,1,1,1,0,0,0.0,0.0
03BNGD14,03BNGD,1991,539,256,283,0,0,0,0.0,0,0,0,0,0,0,0,0.0,2,2,0,1,0,1,0.0,100.0
03BNGD15,03BNGD,1991,513,243,270,0,0,0,0.0,0,0,0,0,0,0,0,0.0,2,2,0,3,0,2,0.0,66.66666666666667
03BNGD16,03BNGD,1991,425,210,215,0,0,0,0.0,0,0,0,0,0,0,0,0.0,5,4,1,4,0,2,0.0,50.0
03BNGD17,03BNGD,1991,490,231,259,13,6,7,2.6530612244897958,4,1,5,2,0,0,4,0.8163265306122449,9,8,2,3,0,2,0.0,66.66666666666667
03BNGD18,03BNGD,1991,512,230,282,2,0,2,0.390625,0,0,0,1,0,0,0,0.0,8,6,2,4,0,2,0.0,50.0
03BNGD19,03BNGD,1991,505,219,286,10,4,6,1.9801980198019802,1,3,1,5,0,0,2,0.39603960396039606,8,6,0,3,0,2,0.0,66.66666666666667
03BNGD20,03BNGD,1991,555,271,284,0,0,0,0.0,0,0,0,0,0,0,0,0.0,1,1,0,1,0,0,0.0,0.0
03BNGD21,03BNGD,1991,595,273,322,6,2,4,1.0084033613445378,1,1,1,4,0,0,5,0.8403361344537815,8,6,0,5,0,5,0.0,100.0
03BNGD22,03BNGD,1991,510,239,271,0,0,0,0.0,0,0,0,0,0,0,0,0.0,1,1,0,0,0,0,,
03BNGD23,03BNGD,1991,391,184,207,0,0,0,0.0,0,0,0,0,0,0,0,0.0,0,0,0,0,0,0,,
03BNGD24,03BNGD,1991,270,116,154,0,0,0,0.0,0,0,0,0,0,0,0,0.0,3,0,0,1,0,0,0.0,0.0
03BNGD25,03BNGD,1991,285,126,159,0,0,0,0.0,0,0,0,0,0,0,1,0.3508771929824561,1,1,0,1,0,0,0.0,0.0
03BNGD26,03BNGD,1991,0,0,0,0,0,0,,0,0,0,0,0,0,0,,0,0,0,0,0,0,,
03BNGE01,03BNGE,1991,377,185,192,0,0,0,0.0,0,0,0,0,0,0,0,0.0,3,3,1,2,0,2,0.0,100.0
03BNGE02,03BNGE,1991,314,158,156,0,0,0,0.0,0,0,0,0,0,0,0,0.0,5,4,0,2,0,0,0.0,0.0
03BNGE03,03BNGE,1991,610,307,303,9,6,3,1.4754098360655739,1,3,2,2,0,0,0,0.0,6,4,0,4,0,3,0.0,75.0
03BNGE04,03BNGE,1991,641,303,338,3,1,2,0.46801872074882994,0,0,1,2,0,0,0,0.0,18,10,4,8,0,5,0.0,62.5
03BNGE05,03BNGE,1991,217,111,106,0,0,0,0.0,0,0,0,0,0,0,0,0.0,3,3,3,2,1,0,50.0,0.0
03BNGE06,03BNGE,1991,175,88,87,3,2,1,1.7142857142857142,0,0,3,0,0,0,0,0.0,7,2,0,2,0,1,0.0,50.0
03BNGE07,03BNGE,1991,177,83,94,7,3,4,3.9548022598870056,0,2,5,1,0,0,0,0.0,17,14,3,11,2,2,18.181818181818183,18.181818181818183
03BNGE08,03BNGE,1991,181,102,79,1,1,0,0.5524861878453039,0,0,0,1,0,0,0,0.0,5,2,1,5,0,1,0.0,20.0
03BNGE09,03BNGE,1991,540,254,286,0,0,0,0.0,0,0,0,0,0,0,0,0.0,1,1,0,0,0,0,,
03BNGE10,03BNGE,1991,651,299,352,2,0,2,0.30721966205837176,0,0,2,0,0,0,0,0.0,5,3,0,1,0,1,0.0,100.0
03BNGE11,03BNGE,1991,407,200,207,5,3,2,1.2285012285012284,0,0,1,4,1,1,2,0.4914004914004914,13,4,0,8,0,4,0.0,50.0
03BNGE12,03BNGE,1991,167,97,70,0,0,0,0.0,0,0,0,0,0,0,0,0.0,1,0,0,0,0,1,,
03BNGE13,03BNGE,1991,530,233,297,0,0,0,0.0,0,0,0,0,0,0,0,0.0,7,1,0,1,0,0,0.0,0.0
03BNGE14,03BNGE,1991,493,239,254,1,0,1,0.2028397565922921,0,0,0,2,0,0,0,0.0,2,1,1,0,0,0,,
03BNGE15,03BNGE,1991,639,282,357,2,1,1,0.3129890453834116,0,0,1,0,0,0,0,0.0,14,8,3,9,0,2,0.0,22.22222222222222
03BNGE16,03BNGE,1991,517,265,252,1,1,0,0.19342359767891681,0,0,0,1,0,0,1,0.19342359767891681,7,5,0,4,0,2,0.0,50.0
03BNGE17,03BNGE,1991,507,229,278,5,2,3,0.9861932938856016,0,0,2,2,1,0,1,0.19723865877712032,18,8,0,10,0,2,0.0,20.0
03BNGE18,03BNGE,1991,624,302,322,1,0,1,0.16025641025641027,0,0,0,1,0,0,0,0.0,10,8,3,4,0,1,0.0,25.0
03BNGE19,03BNGE,1991,529,263,266,0,0,0,0.0,0,0,0,0,0,0,0,0.0,7,6,2,4,0,0,0.0,0.0
03BNGE20,03BNGE,1991,499,249,250,0,0,0,0.0,0,0,0,0,0,0,0,0.0,7,1,0,2,0,0,0.0,0.0
03BNGE21,03BNGE,1991,521,238,283,1,0,1,0.19193857965451055,0,0,0,1,0,0,0,0.0,3,1,0,2,0,1,0.0,50.0
03BNGE22,03BNGE,1991,269,123,146,10,5,5,3.717472118959108,0,0,0,11,0,0,11,4.089219330855019,12,9,0,3,1,2,33.333333333333336,66.66666666666667
03BNGE23,03BNGE,1991,472,210,262,1,0,1,0.211864406779661,0,1,1,0,0,0,0,0.0,8,4,0,3,2,0,66.66666666666667,0.0
03BNGE24,03BNGE,1991,210,124,86,0,0,0,0.0,0,0,0,0,0,0,0,0.0,8,4,1,4,0,3,0.0,75.0
03BNGE25,03BNGE,1991,193,105,88,1,0,1,0.5181347150259067,0,0,1,0,0,0,0,0.0,4,4,1,3,1,0,33.333333333333336,0.0
03BNGE26,03BNGE,1991,382,171,211,2,1,1,0.5235602094240838,0,0,0,2,0,0,0,0.0,6,6,0,2,0,1,0.0,50.0
03BNGE27,03BNGE,1991,251,134,117,0,0,0,0.0,0,0,0,0,0,0,0,0.0,10,4,3,2,1,0,50.0,0.0
03BNGE28,03BNGE,1991,304,153,151,0,0,0,0.0,0,0,0,0,0,0,0,0.0,10,3,0,8,0,1,0.0,12.5
03BNGE29,03BNGE,1991,510,244,266,3,0,3,0.5882352941176471,0,0,1,1,0,0,1,0.19607843137254902,21,9,0,8,0,4,0.0,50.0
03BNGE30,03BNGE,1991,210,108,102,0,0,0,0.0,0,0,0,0,0,0,0,0.0,3,2,2,2,0,1,0.0,50.0
03BNGE31,03BNGE,1991,258,142,116,3,2,1,1.1627906976744187,0,0,2,2,0,0,0,0.0,10,5,3,6,0,0,0.0,0.0
03BNGE32,03BNGE,1991,450,222,228,3,3,0,0.6666666666666666,0,0,2,0,0,0,3,0.6666666666666666,13,12,4,9,0,2,0.0,22.22222222222222
03BNGE33,03BNGE,1991,432,205,227,10,4,6,2.314814814814815,0,1,1,6,3,1,5,1.1574074074074074,18,10,1,8,0,6,0.0,75.0
03BNGE34,03BNGE,1991,0,0,0,0,0,0,,0,0,0,0,0,0,0,,0,0,0,0,0,0,,
03BNGE35,03BNGE,1991,0,0,0,0,0,0,,0,0,0,0,0,0,0,,0,0,0,0,0,0,,
03BNGF01,03BNGF,1991,474,246,228,6,4,2,1.2658227848101267,0,0,4,2,0,0,0,0.0,26,8,4,12,0,3,0.0,25.0
03BNGF02,03BNGF,1991,371,157,214,1,1,0,0.2695417789757412,0,0,0,0,0,0,0,0.0,15,8,0,5,0,1,0.0,20.0
03BNGF03,03BNGF,1991,360,211,149,9,4,5,2.5,0,0,6,2,1,0,2,0.5555555555555556,36,13,1,14,4,3,28.571428571428573,21.428571428571427
03BNGF04,03BNGF,1991,622,339,283,14,7,7,2.2508038585209005,0,2,6,5,0,0,6,0.9646302250803859,47,23,2,21,0,13,0.0,61.904761904761905
03BNGF05,03BNGF,1991,389,192,197,0,0,0,0.0,0,0,0,0,0,0,0,0.0,4,2,0,2,0,1,0.0,50.0
03BNGF06,03BNGF,1991,508,239,269,10,7,3,1.968503937007874,2,1,3,3,0,0,0,0.0,17,10,2,7,0,1,0.0,14.285714285714286
03BNGF07,03BNGF,1991,358,171,187,8,4,4,2.2346368715083798,0,5,2,2,0,0,0,0.0,9,4,0,2,1,0,50.0,0.0
03BNGF08,03BNGF,1991,227,128,99,9,9,0,3.9647577092511015,0,1,3,6,0,0,7,3.0837004405286343,35,13,0,4,0,4,0.0,100.0
03BNGF09,03BNGF,1991,198,108,90,1,0,1,0.5050505050505051,0,0,0,1,0,0,2,1.0101010101010102,15,9,1,7,0,6,0.0,85.71428571428571
03BNGF10,03BNGF,1991,181,96,85,0,0,0,0.0,0,0,0,0,0,0,0,0.0,5,2,1,2,0,0,0.0,0.0
03BNGF11,03BNGF,1991,77,30,47,0,0,0,0.0,0,0,0,0,0,0,0,0.0,3,2,0,3,0,1,0.0,33.333333333333336
03BNGF12,03BNGF,1991,376,184,192,8,4,4,2.127659574468085,0,0,7,2,0,0,2,0.5319148936170213,15,4,0,9,0,5,0.0,55.55555555555556
03BNGF13,03BNGF,1991,372,199,173,2,1,1,0.5376344086021505,0,0,1,1,0,0,1,0.26881720430107525,3,3,0,2,0,2,0.0,100.0
03BNGF14,03BNGF,1991,545,281,264,6,4,2,1.1009174311926606,0,0,6,0,0,0,0,0.0,18,12,3,7,1,0,14.285714285714286,0.0
03BNGF15,03BNGF,1991,482,217,265,8,2,6,1.6597510373443984,0,0,5,1,0,1,2,0.4149377593360996,9,7,1,4,0,0,0.0,0.0
03BNGF16,03BNGF,1991,544,267,277,0,0,0,0.0,0,0,0,0,0,0,0,0.0,4,0,0,0,0,0,,
03BNGF17,03BNGF,1991,588,286,302,7,4,3,1.1904761904761905,0,0,4,2,0,0,0,0.0,24,12,1,7,0,2,0.0,28.571428571428573
03BNGF18,03BNGF,1991,698,327,371,0,0,0,0.0,0,0,0,0,0,0,0,0.0,3,1,0,2,0,2,0.0,100.0
03BNGF19,03BNGF,1991,208,122,86,8,5,3,3.8461538461538463,2,0,5,2,0,0,6,2.8846153846153846,11,3,2,5,0,0,0.0,0.0
03BNGF20,03BNGF,1991,286,134,152,9,1,8,3.1468531468531467,0,0,7,2,0,0,2,0.6993006993006993,23,10,3,9,0,5,0.0,55.55555555555556
03BNGF21,03BNGF,1991,193,97,96,1,1,0,0.5181347150259067,0,0,2,0,0,0,0,0.0,11,6,0,4,0,3,0.0,75.0
03BNGF22,03BNGF,1991,457,221,236,0,0,0,0.0,0,0,0,0,0,0,0,0.0,8,2,0,4,0,1,0.0,25.0
03BNGF23,03BNGF,1991,500,261,239,2,1,1,0.4,0,0,2,0,0,0,0,0.0,8,6,0,2,0,1,0.0,50.0
03BNGF24,03BNGF,1991,523,263,260,6,2,4,1.147227533460803,0,2,1,2,0,0,0,0.0,10,4,0,2,0,1,0.0,50.0
03BNGF25,03BNGF,1991,428,188,240,3,3,0,0.7009345794392523,0,0,4,0,0,0,0,0.0,3,0,0,1,0,0,0.0,0.0
03BNGF26,03BNGF,1991,401,196,205,0,0,0,0.0,0,0,0,0,0,0,0,0.0,7,6,1,3,0,0,0.0,0.0
03BNGF27,03BNGF,1991,54,35,19,5,3,2,9.25925925925926,0,0,5,0,0,0,1,1.8518518518518519,13,0,0,0,0,0,,
03BNGF28,03BNGF,1991,0,0,0,0,0,0,,0,0,0,0,0,0,0,,0,0,0,0,0,0,,
03BNGF29,03BNGF,1991,0,0,0,0,0,0,,0,0,0,0,0,0,0,,0,0,0,0,0,0,,
03BNGG01,03BNGG,1991,434,196,238,9,4,5,2.0737327188940093,1,0,3,4,1,1,2,0.4608294930875576,15,10,2,6,0,6,0.0,100.0
03BNGG02,03BNGG,1991,487,242,245,6,3,3,1.2320328542094456,1,1,1,1,1,0,0,0.0,2,1,1,1,0,0,0.0,0.0
03BNGG03,03BNGG,1991,487,223,264,1,0,1,0.2053388090349076,0,0,0,1,0,0,0,0.0,8,5,2,4,0,2,0.0,50.0
03BNGG04,03BNGG,1991,240,103,137,0,0,0,0.0,0,0,0,0,0,0,0,0.0,2,0,0,1,0,1,0.0,100.0
03BNGG05,03BNGG,1991,529,258,271,1,1,0,0.1890359168241966,0,0,1,0,0,0,0,0.0,8,6,0,5,0,4,0.0,80.0
03BNGG06,03BNGG,1991,416,219,197,0,0,0,0.0,0,0,0,0,0,0,0,0.0,0,0,0,0,0,0,,
03BNGG07,03BNGG,1991,446,212,234,0,0,0,0.0,0,0,0,0,0,0,0,0.0,0,0,0,1,0,1,0.0,100.0
03BNGG08,03BNGG,1991,465,233,232,14,4,10,3.010752688172043,3,5,0,6,0,0,1,0.21505376344086022,6,5,0,3,1,0,33.333333333333336,0.0
03BNGG09,03BNGG,1991,553,254,299,0,0,0,0.0,0,0,0,0,0,0,0,0.0,4,4,2,2,0,1,0.0,50.0
03BNGG10,03BNGG,1991,489,214,275,0,0,0,0.0,0,0,0,0,0,0,0,0.0,3,3,0,1,0,1,0.0,100.0
03BNGG11,03BNGG,1991,489,243,246,0,0,0,0.0,0,0,0,0,0,0,0,0.0,1,1,0,0,0,0,,
03BNGG12,03BNGG,1991,550,266,284,0,0,0,0.0,0,0,0,0,0,0,0,0.0,0,0,0,0,0,0,,
03BNGG13,03BNGG,1991,646,284,362,0,0,0,0.0,0,0,0,0,0,0,0,0.0,2,1,0,2,0,1,0.0,50.0
03BNGG14,03BNGG,1991,610,269,341,0,0,0,0.0,0,0,0,0,0,0,0,0.0,8,4,0,2,0,1,0.0,50.0
03BNGG15,03BNGG,1991,627,284,343,0,0,0,0.0,0,0,0,0,0,0,0,0.0,2,1,0,1,0,0,0.0,0.0
03BNGG16,03BNGG,1991,258,80,178,0,0,0,0.0,0,0,0,0,0,0,0,0.0,1,0,0,1,0,0,0.0,0.0
03BNGG17,03BNGG,1991,334,156,178,0,0,0,0.0,0,0,0,0,0,0,0,0.0,1,1,1,2,0,0,0.0,0.0
03BNGG18,03BNGG,1991,606,283,323,0,0,0,0.0,0,0,0,0,0,0,0,0.0,1,1,0,1,0,2,0.0,200.0
03BNGG19,03BNGG,1991,695,334,361,0,0,0,0.0,0,0,0,0,0,0,0,0.0,1,1,0,1,0,1,0.0,100.0
03BNGG20,03BNGG,1991,483,226,257,0,0,0,0.0,0,0,0,0,0,0,0,0.0,1,1,1,0,0,0,,
03BNGG21,03BNGG,1991,595,280,315,0,0,0,0.0,0,0,0,0,0,0,0,0.0,1,0,0,2,0,1,0.0,50.0
03BNGG22,03BNGG,1991,634,311,323,0,0,0,0.0,0,0,0,0,0,0,0,0.0,3,1,0,1,0,0,0.0,0.0
03BNGG23,03BNGG,1991,780,387,393,0,0,0,0.0,0,0,0,0,0,0,0,0.0,3,2,0,1,0,1,0.0,100.0
03BNGH01,03BNGH,1991,123,81,42,0,0,0,0.0,0,0,0,0,0,0,0,0.0,3,2,1,4,0,0,0.0,0.0
03BNGH02,03BNGH,1991,198,121,77,3,0,3,1.5151515151515151,0,0,1,2,0,0,0,0.0,11,6,4,5,0,1,0.0,20.0
03BNGH03,03BNGH,1991,407,196,211,2,1,1,0.4914004914004914,0,0,3,0,0,0,1,0.2457002457002457,8,8,1,6,0,2,0.0,33.333333333333336
03BNGH04,03BNGH,1991,282,157,125,18,8,10,6.382978723404255,0,0,10,9,0,0,0,0.0,36,23,10,9,0,2,0.0,22.22222222222222
03BNGH05,03BNGH,1991,379,182,197,10,7,3,2.638522427440633,2,4,2,4,0,0,1,0.2638522427440633,21,13,5,11,1,3,9.090909090909092,27.272727272727273
03BNGH06,03BNGH,1991,162,74,88,5,2,3,3.0864197530864197,0,2,1,2,0,0,3,1.8518518518518519,5,2,0,1,0,0,0.0,0.0
03BNGH07,03BNGH,1991,410,206,204,0,0,0,0.0,0,0,0,0,0,0,0,0.0,7,4,1,4,0,1,0.0,25.0
03BNGH08,03BNGH,1991,332,166,166,6,4,2,1.8072289156626506,1,0,3,4,0,0,0,0.0,16,9,2,7,2,4,28.571428571428573,57.142857142857146
03BNGH09,03BNGH,1991,158,84,74,0,0,0,0.0,0,0,0,0,0,0,0,0.0,2,2,2,3,0,0,0.0,0.0
03BNGH10,03BNGH,1991,190,119,71,1,0,1,0.5263157894736842,0,0,1,0,0,0,0,0.0,7,2,1,3,1,0,33.333333333333336,0.0
03BNGH11,03BNGH,1991,269,115,154,3,2,1,1.1152416356877324,0,0,3,0,0,0,0,0.0,8,4,3,5,0,1,0.0,20.0
03BNGH12,03BNGH,1991,532,274,258,0,0,0,0.0,0,0,0,0,0,0,0,0.0,7,5,2,5,0,2,0.0,40.0
03BNGH13,03BNGH,1991,167,76,91,0,0,0,0.0,0,0,0,0,0,0,0,0.0,16,8,2,9,1,2,11.11111111111111,22.22222222222222
03BNGH14,03BNGH,1991,204,98,106,7,2,5,3.4313725490196076,1,2,1,3,0,0,0,0.0,10,4,0,4,1,0,25.0,0.0
03BNGH15,03BNGH,1991,557,279,278,5,4,1,0.8976660682226212,0,0,4,1,0,0,2,0.3590664272890485,17,8,4,6,0,1,0.0,16.666666666666668
03BNGH16,03BNGH,1991,550,268,282,5,2,3,0.9090909090909091,0,2,2,1,0,0,0,0.0,22,13,1,10,0,7,0.0,70.0
03BNGH17,03BNGH,1991,483,282,201,3,1,2,0.6211180124223602,0,1,0,2,0,1,1,0.2070393374741201,5,3,0,2,0,3,0.0,150.0
03BNGH18,03BNGH,1991,335,153,182,0,0,0,0.0,0,0,0,0,0,0,0,0.0,10,3,1,2,0,1,0.0,50.0
03BNGH19,03BNGH,1991,418,211,207,2,2,0,0.4784688995215311,0,0,2,0,0,0,1,0.23923444976076555,36,19,4,17,0,3,0.0,17.647058823529413
03BNGH20,03BNGH,1991,551,280,271,0,0,0,0.0,0,0,0,0,0,0,0,0.0,18,13,2,7,0,5,0.0,71.42857142857143
03BNGH21,03BNGH,1991,477,263,214,0,0,0,0.0,0,0,0,0,0,0,0,0.0,11,8,0,6,0,1,0.0,16.666666666666668
03BNGH22,03BNGH,1991,499,249,250,0,0,0,0.0,0,0,0,0,0,0,0,0.0,16,11,1,4,0,2,0.0,50.0
03BNGH23,03BNGH,1991,553,264,289,7,5,2,1.2658227848101267,1,2,0,3,0,0,0,0.0,16,8,2,9,0,8,0.0,88.88888888888889
03BNGH24,03BNGH,1991,384,192,192,2,1,1,0.5208333333333334,0,0,1,2,0,0,0,0.0,13,9,1,8,0,6,0.0,75.0
03BNGH25,03BNGH,1991,302,169,133,3,3,0,0.9933774834437086,0,0,0,2,0,0,0,0.0,10,7,4,5,3,2,60.0,40.0
03BNGH26,03BNGH,1991,447,257,190,9,5,4,2.0134228187919465,0,2,1,5,0,0,1,0.22371364653243847,8,8,2,3,0,2,0.0,66.66666666666667
03BNGH27,03BNGH,1991,333,145,188,0,0,0,0.0,0,0,0,0,0,0,0,0.0,11,3,2,2,0,1,0.0,50.0
03BNGH28,03BNGH,1991,408,226,182,11,4,7,2.696078431372549,1,4,1,4,2,0,0,0.0,16,10,1,8,0,4,0.0,50.0
03BNGH29,03BNGH,1991,756,365,391,24,10,14,3.1746031746031744,5,7,2,8,1,2,3,0.3968253968253968,30,15,1,11,0,10,0.0,90.9090909090909
03BNGH30,03BNGH,1991,541,249,292,9,5,4,1.6635859519408502,1,1,3,2,1,2,1,0.18484288354898337,15,12,1,7,0,7,0.0,100.0
03BNGH31,03BNGH,1991,600,286,314,11,4,7,1.8333333333333333,1,1,6,2,0,0,1,0.16666666666666666,13,8,0,5,0,3,0.0,60.0
03BNGH32,03BNGH,1991,572,263,309,3,2,1,0.5244755244755245,0,0,1,1,1,0,1,0.17482517482517482,16,8,1,7,0,5,0.0,71.42857142857143
03BNGH33,03BNGH,1991,0,0,0,0,0,0,,0,0,0,0,0,0,0,,0,0,0,0,0,0,,
03BNGJ01,03BNGJ,1991,339,168,171,2,2,0,0.5899705014749262,0,0,2,0,0,0,0,0.0,10,4,2,7,1,2,14.285714285714286,28.571428571428573
03BNGJ02,03BNGJ,1991,344,156,188,2,2,0,0.5813953488372093,0,0,2,0,0,0,0,0.0,5,3,0,3,0,2,0.0,66.66666666666667
03BNGJ03,03BNGJ,1991,564,256,308,9,6,3,1.5957446808510638,0,2,2,3,0,0,4,0.7092198581560284,12,6,2,7,0,2,0.0,28.571428571428573
03BNGJ04,03BNGJ,1991,120,61,59,0,0,0,0.0,0,0,0,0,0,0,0,0.0,5,1,2,4,0,1,0.0,25.0
03BNGJ05,03BNGJ,1991,165,91,74,1,0,1,0.6060606060606061,0,0,2,0,0,0,0,0.0,13,8,3,9,0,1,0.0,11.11111111111111
03BNGJ06,03BNGJ,1991,239,120,119,0,0,0,0.0,0,0,0,0,0,0,0,0.0,2,2,2,3,0,1,0.0,33.333333333333336
03BNGJ07,03BNGJ,1991,318,148,170,0,0,0,0.0,0,0,0,0,0,0,0,0.0,8,6,4,3,0,1,0.0,33.333333333333336
03BNGJ08,03BNGJ,1991,212,115,97,3,2,1,1.4150943396226414,0,0,1,2,0,0,3,1.4150943396226414,7,5,2,4,0,0,0.0,0.0
03BNGJ09,03BNGJ,1991,196,107,89,1,1,0,0.5102040816326531,0,0,1,0,0,0,0,0.0,4,3,1,4,0,1,0.0,25.0
03BNGJ10,03BNGJ,1991,209,112,97,0,0,0,0.0,0,0,0,0,0,0,0,0.0,0,0,0,0,0,0,,
03BNGJ11,03BNGJ,1991,326,155,171,0,0,0,0.0,0,0,0,0,0,0,0,0.0,5,0,1,1,0,0,0.0,0.0
03BNGJ12,03BNGJ,1991,568,269,299,5,2,3,0.8802816901408451,0,0,0,3,0,0,0,0.0,8,6,1,5,0,3,0.0,60.0
03BNGJ13,03BNGJ,1991,573,277,296,0,0,0,0.0,0,0,0,0,0,0,0,0.0,2,2,0,1,0,1,0.0,100.0
03BNGJ14,03BNGJ,1991,356,170,186,0,0,0,0.0,0,0,0,0,0,0,0,0.0,4,3,0,1,0,1,0.0,100.0
03BNGJ15,03BNGJ,1991,361,152,209,1,1,0,0.2770083102493075,0,0,1,0,0,0,0,0.0,5,4,0,5,0,5,0.0,100.0
03BNGJ16,03BNGJ,1991,533,276,257,0,0,0,0.0,0,0,0,1,0,0,1,0.18761726078799248,5,3,0,1,0,0,0.0,0.0
03BNGJ17,03BNGJ,1991,247,124,123,4,2,2,1.6194331983805668,0,0,3,1,0,0,0,0.0,13,7,0,3,0,2,0.0,66.66666666666667
03BNGJ18,03BNGJ,1991,279,136,143,7,3,4,2.5089605734767026,0,3,1,3,1,0,4,1.4336917562724014,9,6,0,5,0,4,0.0,80.0
03BNGJ19,03BNGJ,1991,395,176,219,8,4,4,2.0253164556962027,0,3,4,2,0,1,1,0.25316455696202533,16,9,0,5,0,3,0.0,60.0
03BNGJ20,03BNGJ,1991,295,136,159,1,0,1,0.3389830508474576,0,0,1,0,0,0,0,0.0,9,4,2,6,0,1,0.0,16.666666666666668
03BNGJ21,03BNGJ,1991,522,268,254,3,0,3,0.5747126436781609,0,0,3,0,0,0,0,0.0,14,5,3,6,0,4,0.0,66.66666666666667
03BNGJ22,03BNGJ,1991,672,351,321,2,2,0,0.2976190476190476,0,1,0,1,0,0,0,0.0,10,4,0,6,0,4,0.0,66.66666666666667
03BNGJ23,03BNGJ,1991,551,272,279,17,8,9,3.0852994555353903,1,1,5,7,2,0,3,0.5444646098003629,26,12,0,10,0,8,0.0,80.0
03BNGJ24,03BNGJ,1991,335,168,167,6,5,1,1.791044776119403,0,0,1,3,0,0,6,1.791044776119403,12,7,3,5,0,4,0.0,80.0
03BNGJ25,03BNGJ,1991,419,206,213,7,3,4,1.6706443914081146,0,1,3,2,1,0,1,0.2386634844868735,9,5,0,4,0,4,0.0,100.0
03BNGJ26,03BNGJ,1991,644,328,316,4,2,2,0.6211180124223602,0,0,2,2,0,0,2,0.3105590062111801,11,5,0,4,0,1,0.0,25.0
03BNGJ27,03BNGJ,1991,586,289,297,15,7,8,2.5597269624573378,0,1,7,7,0,0,3,0.5119453924914675,16,8,1,7,0,4,0.0,57.142857142857146
03BNGJ28,03BNGJ,1991,451,219,232,0,0,0,0.0,0,0,0,0,0,0,0,0.0,3,2,0,1,0,0,0.0,0.0
03BNGJ29,03BNGJ,1991,494,227,267,4,1,3,0.8097165991902834,0,1,1,4,0,0,2,0.4048582995951417,6,4,0,3,0,2,0.0,66.66666666666667
03BNGJ30,03BNGJ,1991,378,146,232,4,1,3,1.0582010582010581,0,0,4,0,0,0,0,0.0,8,6,0,5,0,4,0.0,80.0
03BNGJ31,03BNGJ,1991,466,220,246,10,6,4,2.1459227467811157,3,2,0,5,0,0,2,0.4291845493562232,9,6,1,4,0,3,0.0,75.0
03BNGK01,03BNGK,1991,545,262,283,0,0,0,0.0,0,0,0,0,0,0,0,0.0,2,0,0,0,0,0,,
03BNGK02,03BNGK,1991,497,236,261,0,0,0,0.0,0,0,0,0,0,0,0,0.0,0,0,0,0,0,0,,
03BNGK03,03BNGK,1991,686,321,365,0,0,0,0.0,0,0,0,0,0,0,0,0.0,1,1,1,0,0,0,,
03BNGK04,03BNGK,1991,652,314,338,0,0,0,0.0,0,0,0,0,0,0,0,0.0,2,2,0,0,0,0,,
03BNGK05,03BNGK,1991,546,251,295,0,0,0,0.0,0,0,0,0,0,0,0,0.0,0,0,0,0,0,0,,
03BNGK06,03BNGK,1991,633,320,313,0,0,0,0.0,0,0,0,0,0,0,0,0.0,0,0,0,1,0,0,0.0,0.0
03BNGK07,03BNGK,1991,624,301,323,0,0,0,0.0,0,0,0,0,0,0,0,0.0,0,0,0,0,0,0,,
03BNGK08,03BNGK,1991,583,302,281,0,0,0,0.0,0,0,0,0,0,0,0,0.0,0,0,0,0,0,1,,
03BNGK09,03BNGK,1991,515,221,294,0,0,0,0.0,0,0,0,0,0,0,0,0.0,2,2,0,1,0,0,0.0,0.0
03BNGK10,03BNGK,1991,553,256,297,0,0,0,0.0,0,0,0,0,0,0,0,0.0,1,1,0,1,0,1,0.0,100.0
03BNGK11,03BNGK,1991,281,159,122,0,0,0,0.0,0,0,0,0,0,0,0,0.0,3,2,1,2,0,0,0.0,0.0
03BNGK12,03BNGK,1991,463,202,261,0,0,0,0.0,0,0,0,0,0,0,0,0.0,0,0,0,0,0,0,,
03BNGK13,03BNGK,1991,579,269,310,0,0,0,0.0,0,0,0,0,0,0,0,0.0,4,4,0,3,0,2,0.0,66.66666666666667
03BNGK14,03BNGK,1991,495,248,247,0,0,0,0.0,0,0,0,0,0,0,0,0.0,0,0,0,0,0,0,,
03BNGK15,03BNGK,1991,601,281,320,0,0,0,0.0,0,0,0,0,0,0,0,0.0,2,2,0,0,0,0,,
03BNGK16,03BNGK,1991,626,304,322,0,0,0,0.0,0,0,0,0,0,0,0,0.0,0,0,0,0,0,0,,
03BNGK17,03BNGK,1991,660,288,372,0,0,0,0.0,0,0,0,0,0,0,0,0.0,0,0,0,0,0,0,,
03BNGK18,03BNGK,1991,533,260,273,0,0,0,0.0,0,0,0,0,0,0,0,0.0,2,2,0,2,0,2,0.0,100.0
03BNGK19,03BNGK,1991,568,294,274,0,0,0,0.0,0,0,0,0,0,0,0,0.0,1,0,0,1,0,0,0.0,0.0
03BNGK20,03BNGK,1991,510,241,269,0,0,0,0.0,0,0,0,0,0,0,0,0.0,3,1,0,2,0,0,0.0,0.0
03BNGK21,03BNGK,1991,137,68,69,0,0,0,0.0,0,0,0,0,0,0,0,0.0,0,0,0,0,0,0,,
03BNGK22,03BNGK,1991,0,0,0,0,0,0,,0,0,0,0,0,0,0,,0,0,0,0,0,0,,
03BNGK23,03BNGK,1991,103,56,47,0,0,0,0.0,0,0,0,0,0,0,0,0.0,0,0,0,0,0,0,,
03BNGK24,03BNGK,1991,0,0,0,0,0,0,,0,0,0,0,0,0,0,,0,0,0,0,0,0,,
03BNSS01,03BNSS,1991,0,0,0,0,0,0,,0,0,0,0,0,0,0,,0,0,0,0,0,0,,
