WARD_CODE,JOIN_KEY,TOTAL_RES_1981
03BNAA,03BNAA    ,15205.0
03BNAA,03BNAA    ,15205.0
03BNAA,03BNAA    ,15205.0
03BNAA,03BNAA    ,15205.0
03BNAA,03BNAA    ,15205.0
03BNAA,03BNAA    ,15205.0
03BNAA,03BNAA    ,15205.0
03BNAA,03BNAA    ,15205.0
03BNAA,03BNAA    ,15205.0
03BNAA,03BNAA    ,15205.0
03BNAA,03BNAA    ,15205.0
03BNAA,03BNAA    ,15205.0
03BNAA,03BNAA    ,15205.0
03BNAA,03BNAA    ,15205.0
03BNAA,03BNAA    ,15205.0
03BNAA,03BNAA    ,15205.0
03BNAA,03BNAA    ,15205.0
03BNAA,03BNAA    ,15205.0
03BNAA,03BNAA    ,15205.0
03BNAA,03BNAA    ,15205.0
03BNAA,03BNAA    ,15205.0
03BNAA,03BNAA    ,15205.0
03BNAA,03BNAA    ,15205.0
03BNAA,03BNAA    ,15205.0
03BNAA,03BNAA    ,15205.0
03BNAA,03BNAA    ,15205.0
03BNAA,03BNAA    ,15205.0
03BNAA,03BNAA    ,15205.0
03BNAA,03BNAA    ,15205.0
03BNAA,03BNAA    ,15205.0
03BNAA,03BNAA    ,15205.0
03BNAA,03BNAA    ,15205.0
03BNAA,03BNAA    ,15205.0
03BNAA,03BNAA    ,15205.0
03BNAA,03BNAA    ,15205.0
03BNAA,03BNAA    ,15205.0
03BNAA,03BNAA    ,15205.0
03BNAA,03BNAA    ,15205.0
03BNAA,03BNAA    ,15205.0
03BNAA,03BNAA    ,15205.0
03BNAA,03BNAA    ,15205.0
03BNAA,03BNAA    ,15205.0
03BNAA,03BNAA    ,15205.0
03BNAB,03BNAB    ,14573.0
03BNAB,03BNAB    ,14573.0
03BNAB,03BNAB    ,14573.0
03BNAB,03BNAB    ,14573.0
03BNAB,03BNAB    ,14573.0
03BNAB,03BNAB    ,14573.0
03BNAB,03BNAB    ,14573.0
03BNAB,03BNAB    ,14573.0
03BNAB,03BNAB    ,14573.0
03BNAB,03BNAB    ,14573.0
03BNAB,03BNAB    ,14573.0
03BNAB,03BNAB    ,14573.0
03BNAB,03BNAB    ,14573.0
03BNAB,03BNAB    ,14573.0
03BNAB,03BNAB    ,14573.0
03BNAB,03BNAB    ,14573.0
03BNAB,03BNAB    ,14573.0
03BNAB,03BNAB    ,14573.0
03BNAB,03BNAB    ,14573.0
03BNAB,03BNAB    ,14573.0
03BNAB,03BNAB    ,14573.0
03BNAB,03BNAB    ,14573.0
03BNAB,03BNAB    ,14573.0
03BNAB,03BNAB    ,14573.0
03BNAB,03BNAB    ,14573.0
03BNAB,03BNAB    ,14573.0
03BNAB,03BNAB    ,14573.0
03BNAB,03BNAB    ,14573.0
03BNAB,03BNAB    ,14573.0
03BNAB,03BNAB    ,14573.0
03BNAC,03BNAC    ,17612.0
03BNAC,03BNAC    ,17612.0
03BNAC,03BNAC    ,17612.0
03BNAC,03BNAC    ,17612.0
03BNAC,03BNAC    ,17612.0
03BNAC,03BNAC    ,17612.0
03BNAC,03BNAC    ,17612.0
03BNAC,03BNAC    ,17612.0
03BNAC,03BNAC    ,17612.0
03BNAC,03BNAC    ,17612.0
03BNAC,03BNAC    ,17612.0
03BNAC,03BNAC    ,17612.0
03BNAC,03BNAC    ,17612.0
03BNAC,03BNAC    ,17612.0
03BNAC,03BNAC    ,17612.0
03BNAC,03BNAC    ,17612.0
03BNAC,03BNAC    ,17612.0
03BNAC,03BNAC    ,17612.0
03BNAC,03BNAC    ,17612.0
03BNAC,03BNAC    ,17612.0
03BNAC,03BNAC    ,17612.0
03BNAC,03BNAC    ,17612.0
03BNAC,03BNAC    ,17612.0
03BNAC,03BNAC    ,17612.0
03BNAC,03BNAC    ,17612.0
03BNAC,03BNAC    ,17612.0
03BNAC,03BNAC    ,17612.0
03BNAC,03BNAC    ,17612.0
03BNAC,03BNAC    ,17612.0
03BNAC,03BNAC    ,17612.0
03BNAC,03BNAC    ,17612.0
03BNAC,03BNAC    ,17612.0
03BNAC,03BNAC    ,17612.0
03BNAC,03BNAC    ,17612.0
03BNAC,03BNAC    ,17612.0
03BNAC,03BNAC    ,17612.0
03BNAC,03BNAC    ,17612.0
03BNAC,03BNAC    ,17612.0
03BNAC,03BNAC    ,17612.0
03BNAC,03BNAC    ,17612.0
03BNAD,03BNAD    ,12802.0
03BNAD,03BNAD    ,12802.0
03BNAD,03BNAD    ,12802.0
03BNAD,03BNAD    ,12802.0
03BNAD,03BNAD    ,12802.0
03BNAD,03BNAD    ,12802.0
03BNAD,03BNAD    ,12802.0
03BNAD,03BNAD    ,12802.0
03BNAD,03BNAD    ,12802.0
03BNAD,03BNAD    ,12802.0
03BNAD,03BNAD    ,12802.0
03BNAD,03BNAD    ,12802.0
03BNAD,03BNAD    ,12802.0
03BNAD,03BNAD    ,12802.0
03BNAD,03BNAD    ,12802.0
03BNAD,03BNAD    ,12802.0
03BNAD,03BNAD    ,12802.0
03BNAD,03BNAD    ,12802.0
03BNAD,03BNAD    ,12802.0
03BNAD,03BNAD    ,12802.0
03BNAD,03BNAD    ,12802.0
03BNAD,03BNAD    ,12802.0
03BNAD,03BNAD    ,12802.0
03BNAD,03BNAD    ,12802.0
03BNAD,03BNAD    ,12802.0
03BNAD,03BNAD    ,12802.0
03BNAD,03BNAD    ,12802.0
03BNAD,03BNAD    ,12802.0
03BNAD,03BNAD    ,12802.0
03BNAD,03BNAD    ,12802.0
03BNAD,03BNAD    ,12802.0
03BNAD,03BNAD    ,12802.0
03BNAE,03BNAE    ,8681.0
03BNAE,03BNAE    ,8681.0
03BNAE,03BNAE    ,8681.0
03BNAE,03BNAE    ,8681.0
03BNAE,03BNAE    ,8681.0
03BNAE,03BNAE    ,8681.0
03BNAE,03BNAE    ,8681.0
03BNAE,03BNAE    ,8681.0
03BNAE,03BNAE    ,8681.0
03BNAE,03BNAE    ,8681.0
03BNAE,03BNAE    ,8681.0
03BNAE,03BNAE    ,8681.0
03BNAE,03BNAE    ,8681.0
03BNAE,03BNAE    ,8681.0
03BNAE,03BNAE    ,8681.0
03BNAE,03BNAE    ,8681.0
03BNAE,03BNAE    ,8681.0
03BNAE,03BNAE    ,8681.0
03BNAE,03BNAE    ,8681.0
03BNAE,03BNAE    ,8681.0
03BNAE,03BNAE    ,8681.0
03BNAE,03BNAE    ,8681.0
03BNAE,03BNAE    ,8681.0
03BNAF,03BNAF    ,13810.0
03BNAF,03BNAF    ,13810.0
03BNAF,03BNAF    ,13810.0
03BNAF,03BNAF    ,13810.0
03BNAF,03BNAF    ,13810.0
03BNAF,03BNAF    ,13810.0
03BNAF,03BNAF    ,13810.0
03BNAF,03BNAF    ,13810.0
03BNAF,03BNAF    ,13810.0
03BNAF,03BNAF    ,13810.0
03BNAF,03BNAF    ,13810.0
03BNAF,03BNAF    ,13810.0
03BNAF,03BNAF    ,13810.0
03BNAF,03BNAF    ,13810.0
03BNAF,03BNAF    ,13810.0
03BNAF,03BNAF    ,13810.0
03BNAF,03BNAF    ,13810.0
03BNAF,03BNAF    ,13810.0
03BNAF,03BNAF    ,13810.0
03BNAF,03BNAF    ,13810.0
03BNAF,03BNAF    ,13810.0
03BNAF,03BNAF    ,13810.0
03BNAF,03BNAF    ,13810.0
03BNAF,03BNAF    ,13810.0
03BNAF,03BNAF    ,13810.0
03BNAF,03BNAF    ,13810.0
03BNAF,03BNAF    ,13810.0
03BNAF,03BNAF    ,13810.0
03BNAF,03BNAF    ,13810.0
03BNAG,03BNAG    ,16408.0
03BNAG,03BNAG    ,16408.0
03BNAG,03BNAG    ,16408.0
03BNAG,03BNAG    ,16408.0
03BNAG,03BNAG    ,16408.0
03BNAG,03BNAG    ,16408.0
03BNAG,03BNAG    ,16408.0
03BNAG,03BNAG    ,16408.0
03BNAG,03BNAG    ,16408.0
03BNAG,03BNAG    ,16408.0
03BNAG,03BNAG    ,16408.0
03BNAG,03BNAG    ,16408.0
03BNAG,03BNAG    ,16408.0
03BNAG,03BNAG    ,16408.0
03BNAG,03BNAG    ,16408.0
03BNAG,03BNAG    ,16408.0
03BNAG,03BNAG    ,16408.0
03BNAG,03BNAG    ,16408.0
03BNAG,03BNAG    ,16408.0
03BNAG,03BNAG    ,16408.0
03BNAG,03BNAG    ,16408.0
03BNAG,03BNAG    ,16408.0
03BNAG,03BNAG    ,16408.0
03BNAG,03BNAG    ,16408.0
03BNAG,03BNAG    ,16408.0
03BNAG,03BNAG    ,16408.0
03BNAG,03BNAG    ,16408.0
03BNAG,03BNAG    ,16408.0
03BNAG,03BNAG    ,16408.0
03BNAG,03BNAG    ,16408.0
03BNAG,03BNAG    ,16408.0
03BNAG,03BNAG    ,16408.0
03BNAG,03BNAG    ,16408.0
03BNAG,03BNAG    ,16408.0
03BNAG,03BNAG    ,16408.0
03BNAH,03BNAH    ,15546.0
03BNAH,03BNAH    ,15546.0
03BNAH,03BNAH    ,15546.0
03BNAH,03BNAH    ,15546.0
03BNAH,03BNAH    ,15546.0
03BNAH,03BNAH    ,15546.0
03BNAH,03BNAH    ,15546.0
03BNAH,03BNAH    ,15546.0
03BNAH,03BNAH    ,15546.0
03BNAH,03BNAH    ,15546.0
03BNAH,03BNAH    ,15546.0
03BNAH,03BNAH    ,15546.0
03BNAH,03BNAH    ,15546.0
03BNAH,03BNAH    ,15546.0
03BNAH,03BNAH    ,15546.0
03BNAH,03BNAH    ,15546.0
03BNAH,03BNAH    ,15546.0
03BNAH,03BNAH    ,15546.0
03BNAH,03BNAH    ,15546.0
03BNAH,03BNAH    ,15546.0
03BNAH,03BNAH    ,15546.0
03BNAH,03BNAH    ,15546.0
03BNAH,03BNAH    ,15546.0
03BNAH,03BNAH    ,15546.0
03BNAH,03BNAH    ,15546.0
03BNAH,03BNAH    ,15546.0
03BNAH,03BNAH    ,15546.0
03BNAH,03BNAH    ,15546.0
03BNAH,03BNAH    ,15546.0
03BNAH,03BNAH    ,15546.0
03BNAJ,03BNAJ    ,14544.0
03BNAJ,03BNAJ    ,14544.0
03BNAJ,03BNAJ    ,14544.0
03BNAJ,03BNAJ    ,14544.0
03BNAJ,03BNAJ    ,14544.0
03BNAJ,03BNAJ    ,14544.0
03BNAJ,03BNAJ    ,14544.0
03BNAJ,03BNAJ    ,14544.0
03BNAJ,03BNAJ    ,14544.0
03BNAJ,03BNAJ    ,14544.0
03BNAJ,03BNAJ    ,14544.0
03BNAJ,03BNAJ    ,14544.0
03BNAJ,03BNAJ    ,14544.0
03BNAJ,03BNAJ    ,14544.0
03BNAJ,03BNAJ    ,14544.0
03BNAJ,03BNAJ    ,14544.0
03BNAJ,03BNAJ    ,14544.0
03BNAJ,03BNAJ    ,14544.0
03BNAJ,03BNAJ    ,14544.0
03BNAJ,03BNAJ    ,14544.0
03BNAJ,03BNAJ    ,14544.0
03BNAJ,03BNAJ    ,14544.0
03BNAJ,03BNAJ    ,14544.0
03BNAJ,03BNAJ    ,14544.0
03BNAJ,03BNAJ    ,14544.0
03BNAJ,03BNAJ    ,14544.0
03BNAJ,03BNAJ    ,14544.0
03BNAJ,03BNAJ    ,14544.0
03BNAJ,03BNAJ    ,14544.0
03BNAJ,03BNAJ    ,14544.0
03BNAJ,03BNAJ    ,14544.0
03BNAK,03BNAK    ,11753.0
03BNAK,03BNAK    ,11753.0
03BNAK,03BNAK    ,11753.0
03BNAK,03BNAK    ,11753.0
03BNAK,03BNAK    ,11753.0
03BNAK,03BNAK    ,11753.0
03BNAK,03BNAK    ,11753.0
03BNAK,03BNAK    ,11753.0
03BNAK,03BNAK    ,11753.0
03BNAK,03BNAK    ,11753.0
03BNAK,03BNAK    ,11753.0
03BNAK,03BNAK    ,11753.0
03BNAK,03BNAK    ,11753.0
03BNAK,03BNAK    ,11753.0
03BNAK,03BNAK    ,11753.0
03BNAK,03BNAK    ,11753.0
03BNAK,03BNAK    ,11753.0
03BNAK,03BNAK    ,11753.0
03BNAK,03BNAK    ,11753.0
03BNAK,03BNAK    ,11753.0
03BNAK,03BNAK    ,11753.0
03BNAK,03BNAK    ,11753.0
03BNAK,03BNAK    ,11753.0
03BNAK,03BNAK    ,11753.0
03BNAK,03BNAK    ,11753.0
03BNAL,03BNAL    ,11089.0
03BNAL,03BNAL    ,11089.0
03BNAL,03BNAL    ,11089.0
03BNAL,03BNAL    ,11089.0
03BNAL,03BNAL    ,11089.0
03BNAL,03BNAL    ,11089.0
03BNAL,03BNAL    ,11089.0
03BNAL,03BNAL    ,11089.0
03BNAL,03BNAL    ,11089.0
03BNAL,03BNAL    ,11089.0
03BNAL,03BNAL    ,11089.0
03BNAL,03BNAL    ,11089.0
03BNAL,03BNAL    ,11089.0
03BNAL,03BNAL    ,11089.0
03BNAL,03BNAL    ,11089.0
03BNAL,03BNAL    ,11089.0
03BNAL,03BNAL    ,11089.0
03BNAL,03BNAL    ,11089.0
03BNAL,03BNAL    ,11089.0
03BNAL,03BNAL    ,11089.0
03BNAL,03BNAL    ,11089.0
03BNAL,03BNAL    ,11089.0
03BNAL,03BNAL    ,11089.0
03BNAL,03BNAL    ,11089.0
03BNAL,03BNAL    ,11089.0
03BNAL,03BNAL    ,11089.0
03BNAM,03BNAM    ,13689.0
03BNAM,03BNAM    ,13689.0
03BNAM,03BNAM    ,13689.0
03BNAM,03BNAM    ,13689.0
03BNAM,03BNAM    ,13689.0
03BNAM,03BNAM    ,13689.0
03BNAM,03BNAM    ,13689.0
03BNAM,03BNAM    ,13689.0
03BNAM,03BNAM    ,13689.0
03BNAM,03BNAM    ,13689.0
03BNAM,03BNAM    ,13689.0
03BNAM,03BNAM    ,13689.0
03BNAM,03BNAM    ,13689.0
03BNAM,03BNAM    ,13689.0
03BNAM,03BNAM    ,13689.0
03BNAM,03BNAM    ,13689.0
03BNAM,03BNAM    ,13689.0
03BNAM,03BNAM    ,13689.0
03BNAM,03BNAM    ,13689.0
03BNAM,03BNAM    ,13689.0
03BNAM,03BNAM    ,13689.0
03BNAM,03BNAM    ,13689.0
03BNAM,03BNAM    ,13689.0
03BNAM,03BNAM    ,13689.0
03BNAM,03BNAM    ,13689.0
03BNAM,03BNAM    ,13689.0
03BNAM,03BNAM    ,13689.0
03BNAM,03BNAM    ,13689.0
03BNAM,03BNAM    ,13689.0
03BNAM,03BNAM    ,13689.0
03BNAM,03BNAM    ,13689.0
03BNAM,03BNAM    ,13689.0
03BNAM,03BNAM    ,13689.0
03BNAN,03BNAN    ,5512.0
03BNAN,03BNAN    ,5512.0
03BNAN,03BNAN    ,5512.0
03BNAN,03BNAN    ,5512.0
03BNAN,03BNAN    ,5512.0
03BNAN,03BNAN    ,5512.0
03BNAN,03BNAN    ,5512.0
03BNAN,03BNAN    ,5512.0
03BNAN,03BNAN    ,5512.0
03BNAN,03BNAN    ,5512.0
03BNAN,03BNAN    ,5512.0
03BNAN,03BNAN    ,5512.0
03BNAN,03BNAN    ,5512.0
03BNAN,03BNAN    ,5512.0
03BNAN,03BNAN    ,5512.0
03BNAN,03BNAN    ,5512.0
03BNAN,03BNAN    ,5512.0
03BNAN,03BNAN    ,5512.0
03BNAN,03BNAN    ,5512.0
03BNAN,03BNAN    ,5512.0
03BNAN,03BNAN    ,5512.0
03BNAN,03BNAN    ,5512.0
03BNAN,03BNAN    ,5512.0
03BNAN,03BNAN    ,5512.0
03BNAN,03BNAN    ,5512.0
03BNAN,03BNAN    ,5512.0
03BNAN,03BNAN    ,5512.0
03BNAN,03BNAN    ,5512.0
03BNAN,03BNAN    ,5512.0
03BNAN,03BNAN    ,5512.0
03BNAN,03BNAN    ,5512.0
03BNAN,03BNAN    ,5512.0
03BNAN,03BNAN    ,5512.0
03BNAP,03BNAP    ,17793.0
03BNAP,03BNAP    ,17793.0
03BNAP,03BNAP    ,17793.0
03BNAP,03BNAP    ,17793.0
03BNAP,03BNAP    ,17793.0
03BNAP,03BNAP    ,17793.0
03BNAP,03BNAP    ,17793.0
03BNAP,03BNAP    ,17793.0
03BNAP,03BNAP    ,17793.0
03BNAP,03BNAP    ,17793.0
03BNAP,03BNAP    ,17793.0
03BNAP,03BNAP    ,17793.0
03BNAP,03BNAP    ,17793.0
03BNAP,03BNAP    ,17793.0
03BNAP,03BNAP    ,17793.0
03BNAP,03BNAP    ,17793.0
03BNAP,03BNAP    ,17793.0
03BNAP,03BNAP    ,17793.0
03BNAP,03BNAP    ,17793.0
03BNAP,03BNAP    ,17793.0
03BNAP,03BNAP    ,17793.0
03BNAP,03BNAP    ,17793.0
03BNAP,03BNAP    ,17793.0
03BNAP,03BNAP    ,17793.0
03BNAP,03BNAP    ,17793.0
03BNAP,03BNAP    ,17793.0
03BNAP,03BNAP    ,17793.0
03BNAP,03BNAP    ,17793.0
03BNAP,03BNAP    ,17793.0
03BNAP,03BNAP    ,17793.0
03BNAP,03BNAP    ,17793.0
03BNAP,03BNAP    ,17793.0
03BNAP,03BNAP    ,17793.0
03BNAP,03BNAP    ,17793.0
03BNAP,03BNAP    ,17793.0
03BNAP,03BNAP    ,17793.0
03BNAQ,03BNAQ    ,14658.0
03BNAQ,03BNAQ    ,14658.0
03BNAQ,03BNAQ    ,14658.0
03BNAQ,03BNAQ    ,14658.0
03BNAQ,03BNAQ    ,14658.0
03BNAQ,03BNAQ    ,14658.0
03BNAQ,03BNAQ    ,14658.0
03BNAQ,03BNAQ    ,14658.0
03BNAQ,03BNAQ    ,14658.0
03BNAQ,03BNAQ    ,14658.0
03BNAQ,03BNAQ    ,14658.0
03BNAQ,03BNAQ    ,14658.0
03BNAQ,03BNAQ    ,14658.0
03BNAQ,03BNAQ    ,14658.0
03BNAQ,03BNAQ    ,14658.0
03BNAQ,03BNAQ    ,14658.0
03BNAQ,03BNAQ    ,14658.0
03BNAQ,03BNAQ    ,14658.0
03BNAQ,03BNAQ    ,14658.0
03BNAQ,03BNAQ    ,14658.0
03BNAQ,03BNAQ    ,14658.0
03BNAQ,03BNAQ    ,14658.0
03BNAQ,03BNAQ    ,14658.0
03BNAQ,03BNAQ    ,14658.0
03BNAQ,03BNAQ    ,14658.0
03BNAQ,03BNAQ    ,14658.0
03BNAQ,03BNAQ    ,14658.0
03BNAQ,03BNAQ    ,14658.0
03BNAQ,03BNAQ    ,14658.0
03BNAQ,03BNAQ    ,14658.0
03BNAQ,03BNAQ    ,14658.0
03BNAQ,03BNAQ    ,14658.0
03BNAQ,03BNAQ    ,14658.0
03BNAQ,03BNAQ    ,14658.0
03BNAR,03BNAR    ,14558.0
03BNAR,03BNAR    ,14558.0
03BNAR,03BNAR    ,14558.0
03BNAR,03BNAR    ,14558.0
03BNAR,03BNAR    ,14558.0
03BNAR,03BNAR    ,14558.0
03BNAR,03BNAR    ,14558.0
03BNAR,03BNAR    ,14558.0
03BNAR,03BNAR    ,14558.0
03BNAR,03BNAR    ,14558.0
03BNAR,03BNAR    ,14558.0
03BNAR,03BNAR    ,14558.0
03BNAR,03BNAR    ,14558.0
03BNAR,03BNAR    ,14558.0
03BNAR,03BNAR    ,14558.0
03BNAR,03BNAR    ,14558.0
03BNAR,03BNAR    ,14558.0
03BNAR,03BNAR    ,14558.0
03BNAR,03BNAR    ,14558.0
03BNAR,03BNAR    ,14558.0
03BNAR,03BNAR    ,14558.0
03BNAR,03BNAR    ,14558.0
03BNAR,03BNAR    ,14558.0
03BNAR,03BNAR    ,14558.0
03BNAR,03BNAR    ,14558.0
03BNAR,03BNAR    ,14558.0
03BNAR,03BNAR    ,14558.0
03BNAR,03BNAR    ,14558.0
03BNAR,03BNAR    ,14558.0
03BNAR,03BNAR    ,14558.0
03BNAR,03BNAR    ,14558.0
03BNAR,03BNAR    ,14558.0
03BNAR,03BNAR    ,14558.0
03BNAR,03BNAR    ,14558.0
03BNAR,03BNAR    ,14558.0
03BNAR,03BNAR    ,14558.0
03BNAR,03BNAR    ,14558.0
03BNAS,03BNAS    ,11181.0
03BNAS,03BNAS    ,11181.0
03BNAS,03BNAS    ,11181.0
03BNAS,03BNAS    ,11181.0
03BNAS,03BNAS    ,11181.0
03BNAS,03BNAS    ,11181.0
03BNAS,03BNAS    ,11181.0
03BNAS,03BNAS    ,11181.0
03BNAS,03BNAS    ,11181.0
03BNAS,03BNAS    ,11181.0
03BNAS,03BNAS    ,11181.0
03BNAS,03BNAS    ,11181.0
03BNAS,03BNAS    ,11181.0
03BNAS,03BNAS    ,11181.0
03BNAS,03BNAS    ,11181.0
03BNAS,03BNAS    ,11181.0
03BNAS,03BNAS    ,11181.0
03BNAS,03BNAS    ,11181.0
03BNAS,03BNAS    ,11181.0
03BNAS,03BNAS    ,11181.0
03BNAS,03BNAS    ,11181.0
03BNAS,03BNAS    ,11181.0
03BNAS,03BNAS    ,11181.0
03BNAS,03BNAS    ,11181.0
03BNAS,03BNAS    ,11181.0
03BNAS,03BNAS    ,11181.0
03BNAS,03BNAS    ,11181.0
03BNAS,03BNAS    ,11181.0
03BNAT,03BNAT    ,11177.0
03BNAT,03BNAT    ,11177.0
03BNAT,03BNAT    ,11177.0
03BNAT,03BNAT    ,11177.0
03BNAT,03BNAT    ,11177.0
03BNAT,03BNAT    ,11177.0
03BNAT,03BNAT    ,11177.0
03BNAT,03BNAT    ,11177.0
03BNAT,03BNAT    ,11177.0
03BNAT,03BNAT    ,11177.0
03BNAT,03BNAT    ,11177.0
03BNAT,03BNAT    ,11177.0
03BNAT,03BNAT    ,11177.0
03BNAT,03BNAT    ,11177.0
03BNAT,03BNAT    ,11177.0
03BNAT,03BNAT    ,11177.0
03BNAT,03BNAT    ,11177.0
03BNAT,03BNAT    ,11177.0
03BNAT,03BNAT    ,11177.0
03BNAT,03BNAT    ,11177.0
03BNAT,03BNAT    ,11177.0
03BNAT,03BNAT    ,11177.0
03BNAT,03BNAT    ,11177.0
03BNAT,03BNAT    ,11177.0
03BNAT,03BNAT    ,11177.0
03BNAT,03BNAT    ,11177.0
03BNAU,03BNAU    ,9113.0
03BNAU,03BNAU    ,9113.0
03BNAU,03BNAU    ,9113.0
03BNAU,03BNAU    ,9113.0
03BNAU,03BNAU    ,9113.0
03BNAU,03BNAU    ,9113.0
03BNAU,03BNAU    ,9113.0
03BNAU,03BNAU    ,9113.0
03BNAU,03BNAU    ,9113.0
03BNAU,03BNAU    ,9113.0
03BNAU,03BNAU    ,9113.0
03BNAU,03BNAU    ,9113.0
03BNAU,03BNAU    ,9113.0
03BNAU,03BNAU    ,9113.0
03BNAU,03BNAU    ,9113.0
03BNAU,03BNAU    ,9113.0
03BNAU,03BNAU    ,9113.0
03BNAU,03BNAU    ,9113.0
03BNAU,03BNAU    ,9113.0
03BNAU,03BNAU    ,9113.0
03BNAU,03BNAU    ,9113.0
03BNAW,03BNAW    ,9907.0
03BNAW,03BNAW    ,9907.0
03BNAW,03BNAW    ,9907.0
03BNAW,03BNAW    ,9907.0
03BNAW,03BNAW    ,9907.0
03BNAW,03BNAW    ,9907.0
03BNAW,03BNAW    ,9907.0
03BNAW,03BNAW    ,9907.0
03BNAW,03BNAW    ,9907.0
03BNAW,03BNAW    ,9907.0
03BNAW,03BNAW    ,9907.0
03BNAW,03BNAW    ,9907.0
03BNAW,03BNAW    ,9907.0
03BNAW,03BNAW    ,9907.0
03BNAW,03BNAW    ,9907.0
03BNAW,03BNAW    ,9907.0
03BNAW,03BNAW    ,9907.0
03BNAW,03BNAW    ,9907.0
03BNAW,03BNAW    ,9907.0
03BNAW,03BNAW    ,9907.0
03BNAW,03BNAW    ,9907.0
03BNAW,03BNAW    ,9907.0
03BNAW,03BNAW    ,9907.0
03BNAW,03BNAW    ,9907.0
03BNAW,03BNAW    ,9907.0
03BNAW,03BNAW    ,9907.0
03BNAW,03BNAW    ,9907.0
03BNAW,03BNAW    ,9907.0
03BNAX,03BNAX    ,16102.0
03BNAX,03BNAX    ,16102.0
03BNAX,03BNAX    ,16102.0
03BNAX,03BNAX    ,16102.0
03BNAX,03BNAX    ,16102.0
03BNAX,03BNAX    ,16102.0
03BNAX,03BNAX    ,16102.0
03BNAX,03BNAX    ,16102.0
03BNAX,03BNAX    ,16102.0
03BNAX,03BNAX    ,16102.0
03BNAX,03BNAX    ,16102.0
03BNAX,03BNAX    ,16102.0
03BNAX,03BNAX    ,16102.0
03BNAX,03BNAX    ,16102.0
03BNAX,03BNAX    ,16102.0
03BNAX,03BNAX    ,16102.0
03BNAX,03BNAX    ,16102.0
03BNAX,03BNAX    ,16102.0
03BNAX,03BNAX    ,16102.0
03BNAX,03BNAX    ,16102.0
03BNAX,03BNAX    ,16102.0
03BNAX,03BNAX    ,16102.0
03BNAX,03BNAX    ,16102.0
03BNAX,03BNAX    ,16102.0
03BNAX,03BNAX    ,16102.0
03BNAX,03BNAX    ,16102.0
03BNAX,03BNAX    ,16102.0
03BNAX,03BNAX    ,16102.0
03BNAX,03BNAX    ,16102.0
03BNAX,03BNAX    ,16102.0
03BNAX,03BNAX    ,16102.0
03BNAX,03BNAX    ,16102.0
03BNAX,03BNAX    ,16102.0
03BNAX,03BNAX    ,16102.0
03BNAX,03BNAX    ,16102.0
03BNAX,03BNAX    ,16102.0
03BNAX,03BNAX    ,16102.0
03BNAX,03BNAX    ,16102.0
03BNAY,03BNAY    ,13913.0
03BNAY,03BNAY    ,13913.0
03BNAY,03BNAY    ,13913.0
03BNAY,03BNAY    ,13913.0
03BNAY,03BNAY    ,13913.0
03BNAY,03BNAY    ,13913.0
03BNAY,03BNAY    ,13913.0
03BNAY,03BNAY    ,13913.0
03BNAY,03BNAY    ,13913.0
03BNAY,03BNAY    ,13913.0
03BNAY,03BNAY    ,13913.0
03BNAY,03BNAY    ,13913.0
03BNAY,03BNAY    ,13913.0
03BNAY,03BNAY    ,13913.0
03BNAY,03BNAY    ,13913.0
03BNAY,03BNAY    ,13913.0
03BNAY,03BNAY    ,13913.0
03BNAY,03BNAY    ,13913.0
03BNAY,03BNAY    ,13913.0
03BNAY,03BNAY    ,13913.0
03BNAY,03BNAY    ,13913.0
03BNAY,03BNAY    ,13913.0
03BNAY,03BNAY    ,13913.0
03BNAY,03BNAY    ,13913.0
03BNAY,03BNAY    ,13913.0
03BNAY,03BNAY    ,13913.0
03BNAY,03BNAY    ,13913.0
03BNAY,03BNAY    ,13913.0
03BNAY,03BNAY    ,13913.0
03BNAY,03BNAY    ,13913.0
03BNAY,03BNAY    ,13913.0
03BNAZ,03BNAZ    ,15577.0
03BNAZ,03BNAZ    ,15577.0
03BNAZ,03BNAZ    ,15577.0
03BNAZ,03BNAZ    ,15577.0
03BNAZ,03BNAZ    ,15577.0
03BNAZ,03BNAZ    ,15577.0
03BNAZ,03BNAZ    ,15577.0
03BNAZ,03BNAZ    ,15577.0
03BNAZ,03BNAZ    ,15577.0
03BNAZ,03BNAZ    ,15577.0
03BNAZ,03BNAZ    ,15577.0
03BNAZ,03BNAZ    ,15577.0
03BNAZ,03BNAZ    ,15577.0
03BNAZ,03BNAZ    ,15577.0
03BNAZ,03BNAZ    ,15577.0
03BNAZ,03BNAZ    ,15577.0
03BNAZ,03BNAZ    ,15577.0
03BNAZ,03BNAZ    ,15577.0
03BNAZ,03BNAZ    ,15577.0
03BNAZ,03BNAZ    ,15577.0
03BNAZ,03BNAZ    ,15577.0
03BNAZ,03BNAZ    ,15577.0
03BNAZ,03BNAZ    ,15577.0
03BNAZ,03BNAZ    ,15577.0
03BNAZ,03BNAZ    ,15577.0
03BNAZ,03BNAZ    ,15577.0
03BNAZ,03BNAZ    ,15577.0
03BNAZ,03BNAZ    ,15577.0
03BNAZ,03BNAZ    ,15577.0
03BNAZ,03BNAZ    ,15577.0
03BNAZ,03BNAZ    ,15577.0
03BNAZ,03BNAZ    ,15577.0
03BNAZ,03BNAZ    ,15577.0
03BNAZ,03BNAZ    ,15577.0
03BNBA,03BNBA    ,13720.0
03BNBA,03BNBA    ,13720.0
03BNBA,03BNBA    ,13720.0
03BNBA,03BNBA    ,13720.0
03BNBA,03BNBA    ,13720.0
03BNBA,03BNBA    ,13720.0
03BNBA,03BNBA    ,13720.0
03BNBA,03BNBA    ,13720.0
03BNBA,03BNBA    ,13720.0
03BNBA,03BNBA    ,13720.0
03BNBA,03BNBA    ,13720.0
03BNBA,03BNBA    ,13720.0
03BNBA,03BNBA    ,13720.0
03BNBA,03BNBA    ,13720.0
03BNBA,03BNBA    ,13720.0
03BNBA,03BNBA    ,13720.0
03BNBA,03BNBA    ,13720.0
03BNBA,03BNBA    ,13720.0
03BNBA,03BNBA    ,13720.0
03BNBA,03BNBA    ,13720.0
03BNBA,03BNBA    ,13720.0
03BNBA,03BNBA    ,13720.0
03BNBA,03BNBA    ,13720.0
03BNBA,03BNBA    ,13720.0
03BNBA,03BNBA    ,13720.0
03BNBA,03BNBA    ,13720.0
03BNBA,03BNBA    ,13720.0
03BNBA,03BNBA    ,13720.0
03BNBA,03BNBA    ,13720.0
03BNBB,03BNBB    ,9211.0
03BNBB,03BNBB    ,9211.0
03BNBB,03BNBB    ,9211.0
03BNBB,03BNBB    ,9211.0
03BNBB,03BNBB    ,9211.0
03BNBB,03BNBB    ,9211.0
03BNBB,03BNBB    ,9211.0
03BNBB,03BNBB    ,9211.0
03BNBB,03BNBB    ,9211.0
03BNBB,03BNBB    ,9211.0
03BNBB,03BNBB    ,9211.0
03BNBB,03BNBB    ,9211.0
03BNBB,03BNBB    ,9211.0
03BNBB,03BNBB    ,9211.0
03BNBB,03BNBB    ,9211.0
03BNBB,03BNBB    ,9211.0
03BNBB,03BNBB    ,9211.0
03BNBB,03BNBB    ,9211.0
03BNBB,03BNBB    ,9211.0
03BNBB,03BNBB    ,9211.0
03BNBB,03BNBB    ,9211.0
03BNBB,03BNBB    ,9211.0
03BNBB,03BNBB    ,9211.0
03BNBC,03BNBC    ,9073.0
03BNBC,03BNBC    ,9073.0
03BNBC,03BNBC    ,9073.0
03BNBC,03BNBC    ,9073.0
03BNBC,03BNBC    ,9073.0
03BNBC,03BNBC    ,9073.0
03BNBC,03BNBC    ,9073.0
03BNBC,03BNBC    ,9073.0
03BNBC,03BNBC    ,9073.0
03BNBC,03BNBC    ,9073.0
03BNBC,03BNBC    ,9073.0
03BNBC,03BNBC    ,9073.0
03BNBC,03BNBC    ,9073.0
03BNBC,03BNBC    ,9073.0
03BNBC,03BNBC    ,9073.0
03BNBC,03BNBC    ,9073.0
03BNBC,03BNBC    ,9073.0
03BNBC,03BNBC    ,9073.0
03BNBC,03BNBC    ,9073.0
03BNBC,03BNBC    ,9073.0
03BNBC,03BNBC    ,9073.0
03BNBC,03BNBC    ,9073.0
03BNBC,03BNBC    ,9073.0
03BNBC,03BNBC    ,9073.0
03BNBD,03BNBD    ,15703.0
03BNBD,03BNBD    ,15703.0
03BNBD,03BNBD    ,15703.0
03BNBD,03BNBD    ,15703.0
03BNBD,03BNBD    ,15703.0
03BNBD,03BNBD    ,15703.0
03BNBD,03BNBD    ,15703.0
03BNBD,03BNBD    ,15703.0
03BNBD,03BNBD    ,15703.0
03BNBD,03BNBD    ,15703.0
03BNBD,03BNBD    ,15703.0
03BNBD,03BNBD    ,15703.0
03BNBD,03BNBD    ,15703.0
03BNBD,03BNBD    ,15703.0
03BNBD,03BNBD    ,15703.0
03BNBD,03BNBD    ,15703.0
03BNBD,03BNBD    ,15703.0
03BNBD,03BNBD    ,15703.0
03BNBD,03BNBD    ,15703.0
03BNBD,03BNBD    ,15703.0
03BNBD,03BNBD    ,15703.0
03BNBD,03BNBD    ,15703.0
03BNBD,03BNBD    ,15703.0
03BNBD,03BNBD    ,15703.0
03BNBD,03BNBD    ,15703.0
03BNBD,03BNBD    ,15703.0
03BNBD,03BNBD    ,15703.0
03BNBE,03BNBE    ,13923.0
03BNBE,03BNBE    ,13923.0
03BNBE,03BNBE    ,13923.0
03BNBE,03BNBE    ,13923.0
03BNBE,03BNBE    ,13923.0
03BNBE,03BNBE    ,13923.0
03BNBE,03BNBE    ,13923.0
03BNBE,03BNBE    ,13923.0
03BNBE,03BNBE    ,13923.0
03BNBE,03BNBE    ,13923.0
03BNBE,03BNBE    ,13923.0
03BNBE,03BNBE    ,13923.0
03BNBE,03BNBE    ,13923.0
03BNBE,03BNBE    ,13923.0
03BNBE,03BNBE    ,13923.0
03BNBE,03BNBE    ,13923.0
03BNBE,03BNBE    ,13923.0
03BNBE,03BNBE    ,13923.0
03BNBE,03BNBE    ,13923.0
03BNBE,03BNBE    ,13923.0
03BNBE,03BNBE    ,13923.0
03BNBE,03BNBE    ,13923.0
03BNBE,03BNBE    ,13923.0
03BNBE,03BNBE    ,13923.0
03BNBE,03BNBE    ,13923.0
03BNBE,03BNBE    ,13923.0
03BNBE,03BNBE    ,13923.0
03BNBE,03BNBE    ,13923.0
03BNBE,03BNBE    ,13923.0
03BNBF,03BNBF    ,15935.0
03BNBF,03BNBF    ,15935.0
03BNBF,03BNBF    ,15935.0
03BNBF,03BNBF    ,15935.0
03BNBF,03BNBF    ,15935.0
03BNBF,03BNBF    ,15935.0
03BNBF,03BNBF    ,15935.0
03BNBF,03BNBF    ,15935.0
03BNBF,03BNBF    ,15935.0
03BNBF,03BNBF    ,15935.0
03BNBF,03BNBF    ,15935.0
03BNBF,03BNBF    ,15935.0
03BNBF,03BNBF    ,15935.0
03BNBF,03BNBF    ,15935.0
03BNBF,03BNBF    ,15935.0
03BNBF,03BNBF    ,15935.0
03BNBF,03BNBF    ,15935.0
03BNBF,03BNBF    ,15935.0
03BNBF,03BNBF    ,15935.0
03BNBF,03BNBF    ,15935.0
03BNBF,03BNBF    ,15935.0
03BNBF,03BNBF    ,15935.0
03BNBF,03BNBF    ,15935.0
03BNBF,03BNBF    ,15935.0
03BNBF,03BNBF    ,15935.0
03BNBF,03BNBF    ,15935.0
03BNBF,03BNBF    ,15935.0
03BNBF,03BNBF    ,15935.0
03BNBF,03BNBF    ,15935.0
03BNBF,03BNBF    ,15935.0
03BNBF,03BNBF    ,15935.0
03BNBF,03BNBF    ,15935.0
03BNBG,03BNBG    ,12527.0
03BNBG,03BNBG    ,12527.0
03BNBG,03BNBG    ,12527.0
03BNBG,03BNBG    ,12527.0
03BNBG,03BNBG    ,12527.0
03BNBG,03BNBG    ,12527.0
03BNBG,03BNBG    ,12527.0
03BNBG,03BNBG    ,12527.0
03BNBG,03BNBG    ,12527.0
03BNBG,03BNBG    ,12527.0
03BNBG,03BNBG    ,12527.0
03BNBG,03BNBG    ,12527.0
03BNBG,03BNBG    ,12527.0
03BNBG,03BNBG    ,12527.0
03BNBG,03BNBG    ,12527.0
03BNBG,03BNBG    ,12527.0
03BNBG,03BNBG    ,12527.0
03BNBG,03BNBG    ,12527.0
03BNBG,03BNBG    ,12527.0
03BNBG,03BNBG    ,12527.0
03BNBG,03BNBG    ,12527.0
03BNBG,03BNBG    ,12527.0
03BNBG,03BNBG    ,12527.0
03BNBG,03BNBG    ,12527.0
03BNBG,03BNBG    ,12527.0
03BNBG,03BNBG    ,12527.0
03BNBG,03BNBG    ,12527.0
03BNBG,03BNBG    ,12527.0
03BNBG,03BNBG    ,12527.0
03BNBG,03BNBG    ,12527.0
03BNBH,03BNBH    ,14617.0
03BNBH,03BNBH    ,14617.0
03BNBH,03BNBH    ,14617.0
03BNBH,03BNBH    ,14617.0
03BNBH,03BNBH    ,14617.0
03BNBH,03BNBH    ,14617.0
03BNBH,03BNBH    ,14617.0
03BNBH,03BNBH    ,14617.0
03BNBH,03BNBH    ,14617.0
03BNBH,03BNBH    ,14617.0
03BNBH,03BNBH    ,14617.0
03BNBH,03BNBH    ,14617.0
03BNBH,03BNBH    ,14617.0
03BNBH,03BNBH    ,14617.0
03BNBH,03BNBH    ,14617.0
03BNBH,03BNBH    ,14617.0
03BNBH,03BNBH    ,14617.0
03BNBH,03BNBH    ,14617.0
03BNBH,03BNBH    ,14617.0
03BNBH,03BNBH    ,14617.0
03BNBH,03BNBH    ,14617.0
03BNBH,03BNBH    ,14617.0
03BNBH,03BNBH    ,14617.0
03BNBH,03BNBH    ,14617.0
03BNBH,03BNBH    ,14617.0
03BNBH,03BNBH    ,14617.0
03BNBH,03BNBH    ,14617.0
03BNBH,03BNBH    ,14617.0
03BNBH,03BNBH    ,14617.0
03BNBH,03BNBH    ,14617.0
03BNBH,03BNBH    ,14617.0
03BNBH,03BNBH    ,14617.0
03BNBH,03BNBH    ,14617.0
03BNBH,03BNBH    ,14617.0
03BNBH,03BNBH    ,14617.0
03BNBJ,03BNBJ    ,14101.0
03BNBJ,03BNBJ    ,14101.0
03BNBJ,03BNBJ    ,14101.0
03BNBJ,03BNBJ    ,14101.0
03BNBJ,03BNBJ    ,14101.0
03BNBJ,03BNBJ    ,14101.0
03BNBJ,03BNBJ    ,14101.0
03BNBJ,03BNBJ    ,14101.0
03BNBJ,03BNBJ    ,14101.0
03BNBJ,03BNBJ    ,14101.0
03BNBJ,03BNBJ    ,14101.0
03BNBJ,03BNBJ    ,14101.0
03BNBJ,03BNBJ    ,14101.0
03BNBJ,03BNBJ    ,14101.0
03BNBJ,03BNBJ    ,14101.0
03BNBJ,03BNBJ    ,14101.0
03BNBJ,03BNBJ    ,14101.0
03BNBJ,03BNBJ    ,14101.0
03BNBJ,03BNBJ    ,14101.0
03BNBJ,03BNBJ    ,14101.0
03BNBJ,03BNBJ    ,14101.0
03BNBJ,03BNBJ    ,14101.0
03BNBJ,03BNBJ    ,14101.0
03BNBJ,03BNBJ    ,14101.0
03BNBJ,03BNBJ    ,14101.0
03BNBJ,03BNBJ    ,14101.0
03BNBJ,03BNBJ    ,14101.0
03BNBJ,03BNBJ    ,14101.0
03BNBJ,03BNBJ    ,14101.0
03BNBJ,03BNBJ    ,14101.0
03BNBJ,03BNBJ    ,14101.0
03BNBJ,03BNBJ    ,14101.0
03BNBJ,03BNBJ    ,14101.0
03BNBJ,03BNBJ    ,14101.0
03BNBK,03BNBK    ,13647.0
03BNBK,03BNBK    ,13647.0
03BNBK,03BNBK    ,13647.0
03BNBK,03BNBK    ,13647.0
03BNBK,03BNBK    ,13647.0
03BNBK,03BNBK    ,13647.0
03BNBK,03BNBK    ,13647.0
03BNBK,03BNBK    ,13647.0
03BNBK,03BNBK    ,13647.0
03BNBK,03BNBK    ,13647.0
03BNBK,03BNBK    ,13647.0
03BNBK,03BNBK    ,13647.0
03BNBK,03BNBK    ,13647.0
03BNBK,03BNBK    ,13647.0
03BNBK,03BNBK    ,13647.0
03BNBK,03BNBK    ,13647.0
03BNBK,03BNBK    ,13647.0
03BNBK,03BNBK    ,13647.0
03BNBK,03BNBK    ,13647.0
03BNBK,03BNBK    ,13647.0
03BNBK,03BNBK    ,13647.0
03BNBK,03BNBK    ,13647.0
03BNBK,03BNBK    ,13647.0
03BNBK,03BNBK    ,13647.0
03BNBK,03BNBK    ,13647.0
03BNBK,03BNBK    ,13647.0
03BNBK,03BNBK    ,13647.0
03BNBK,03BNBK    ,13647.0
03BNBK,03BNBK    ,13647.0
03BNBK,03BNBK    ,13647.0
03BNBK,03BNBK    ,13647.0
