ward_code_2001,ward_name_2001,ward_code_1991,ward_name_1991,TOTAL_RES_1981,CHINESE_BORN_1981,CHINESE_BORN_MALE_1981,CHINESE_BORN_FEMALE_1981,ALL_EMPLOYED_1981,TOTAL_HH_1981,OWNER_OCC_HH_1981,SOCIAL_RENT_HH_1981,NO_CAR_HH_1981,OVERCROWD_GT1P5_1981,OVERCROWD_1TO1P5_1981,NO_BATH_OR_WC_1981,NO_INSIDE_BATH_OR_WC_1981,PCT_MALE_1981,PCT_FEMALE_1981,PCT_CHINESE_BORN_1981,EMP_RATE_1981,PCT_OWNER_OCC_1981,PCT_SOCIAL_RENT_1981,PCT_NO_CAR_1981,CAR_OWNERSHIP_INDEX_1981,PCT_OVERCROWD_GT1P5_1981,PCT_OVERCROWD_1TO1P5_1981,PCT_NO_BATH_OR_WC_1981,PCT_NO_INSIDE_BATH_OR_WC_1981,TOTAL_RES_1991,TOTAL_MALE_1991,TOTAL_FEMALE_1991,CHINESE_ETHNIC_1991,CHINESE_ETHNIC_MALE_1991,CHINESE_ETHNIC_FEMALE_1991,CHINESE_AGE_0_4_1991,CHINESE_AGE_5_15_1991,CHINESE_AGE_16_29_1991,CHINESE_AGE_30_PENSION_1991,CHINESE_PENSIONABLE_1991,CHINESE_LIMITING_ILLNESS_1991,CHINA_BORN_1991,CHINA_BORN_MALE_1991,CHINA_BORN_FEMALE_1991,CHINESE_16PLUS_1991,CHINESE_ECON_ACTIVE_1991,CHINESE_UNEMPLOYED_1991,CHINESE_HOUSEHOLDS_1991,CHINESE_OVERCROWD_GT1P5_1991,CHINESE_OWNER_OCC_1991,PCT_MALE_1991,PCT_FEMALE_1991,PCT_CHINESE_ETHNIC_1991,PCT_CHINA_BORN_1991,CHINESE_EMP_RATE_1991,CHINESE_UNEMP_RATE_1991,PCT_CHINESE_OVERCROWD_1991,PCT_CHINESE_OWNER_OCC_1991,total_pop,chinese_ethnic_count,asia_born_count,pop_16_74,total_hh_spaces,chinese_ethnic_pct,asia_born_pct,econ_active_rate,unemployment_rate,self_employment_rate,owner_occ_rate,council_rent_rate,private_rent_rate,overcrowd_rate,overcrowd_severe_rate,no_bath_wc_rate,no_car_rate,interp_coverage,n_source_eds,interp_uncertainty_flag
00BNFA,Ardwick,03BNFA,Ardwick,12796.26182612561,85.83281820084234,50.457128787807406,35.37568941303493,2349.030594014168,4747.861705501723,181.7141127617083,6.942941811945233,3814.7160060580795,86.24216178670801,318.98779564109634,66.46439773223393,44.19959066810232,47.95649687562887,49.204850275764606,0.6707647855844974,16.22143204020856,3.8272831862634455,0.1462330253617096,80.34597978365011,33.80390163080381,1.8164421614633885,6.7185570142335855,1.399880659017856,0.9309367755359167,9655,4716,4939,202,112,90,12,33,62,85,10,19,81,48,33,311,127,38,141,6,13,48.84515794924909,51.15484205075091,2.092180217503884,0.8389435525634387,40.836012861736336,12.218649517684888,4.25531914893617,9.21985815602837,9887,577,1222,7350,4258,5.835962374835643,12.359623748356428,43.451003337716195,7.322012744007282,2.1729746131283503,11.269113988065135,56.65368868210782,18.101334075048044,3.9878001416000814,1.3559016890866795,5.5904399716799835,64.51873773642157,1.0,53,low
00BNFB,Baguley,03BNFB,Baguley,13963.355498031024,23.312389129933244,13.319349918689996,9.993039211243248,3226.7105809052778,5178.119180916945,960.5424966705583,1.9865677949656861,2842.4706908143685,34.48468772440661,180.62831260100916,10.350859566202129,2.96057993800237,46.66696058033564,53.33303941966435,0.16695406153070105,22.46442535966568,18.550026816888845,0.03836465955219485,54.893883116669045,45.69636586432856,0.6659693707223641,3.488299637186477,0.19989612453008837,0.05717481260209442,12060,5648,6412,42,20,22,2,13,15,11,1,3,5,3,2,95,70,4,44,1,21,46.83250414593698,53.16749585406302,0.3482587064676617,0.0414593698175787,73.6842105263158,4.2105263157894735,2.272727272727273,47.72727272727273,11369,48,146,7754,5014,0.4217635675960947,1.2838305919605946,62.54554490280588,4.626966311900783,3.817933855220336,47.86428093939661,38.83664174509631,8.142100448588266,1.6362468115049695,0.3614126132465476,7.175614390007916,41.83803148913713,0.9956774117045422,43,low
00BNFC,Barlow Moor,03BNFC,Barlow Moor,12754.959967846537,61.8665086463636,23.61042325507356,38.256085391290036,2820.287713184064,5072.739159726355,1227.497081703459,5.0,2871.1695717642547,85.73428076748763,170.03786444539207,50.60057793521222,27.982320530714453,45.84153072273902,48.090572323888935,0.48503883040260715,21.43094690170133,24.197914441350367,0.09856607727233745,56.59998437449991,50.77194946703964,1.690098348603292,3.351993057229551,0.9975000949574122,0.5516215135379431,12561,5939,6622,48,28,20,2,1,30,13,2,1,10,6,4,277,168,41,127,2,57,47.28126741501473,52.71873258498527,0.3821351803200382,0.0796114959000079,60.64981949458484,14.8014440433213,1.5748031496062993,44.881889763779526,12865,112,627,10035,5866,0.8711768363777692,4.8746039642440735,63.084674698795176,4.780832491255343,5.4870221531286445,37.134656043528956,29.356094830936637,28.669950252623394,1.8414450058297707,0.5939440342013214,6.56451379712398,40.07968596968519,0.9994128705089099,50,low
00BNFD,Benchill,03BNFD,Benchill,14712.633963472288,15.750043591378283,7.865935407031002,7.88410818434728,2616.005871271713,4876.633413040514,88.07302093235035,3.9895989267907375,3343.5398739345214,68.15523366454606,409.10365353029636,10.001993167398519,0.9937419708028846,47.94600890235012,52.05399109764988,0.10705114822051319,17.777356789558752,1.8060209466808788,0.0818105153469651,68.56246083606827,31.38599163473306,1.397587800680146,8.389058985576401,0.2051003698709929,0.020377622975422716,12766,5931,6835,17,9,8,0,4,3,8,2,1,1,1,0,36,22,5,23,0,2,46.459345135516216,53.54065486448378,0.1331662227792574,0.0078333072223092,61.11111111111112,13.88888888888889,0.0,8.695652173913043,10432,9,68,6786,4370,0.08641679447852761,0.6520763036809815,52.03221338190185,7.380779332822087,1.8219948236196315,19.936220283742333,32.98038343558282,7.397002492331288,3.333134585889571,0.35785371932515336,4.513302338957056,55.58778757668711,1.0,37,low
00BNFE,Beswick and Clayton,03BNFE,Beswick and Clayton,12496.947397221693,28.82787425012127,16.957140549060686,11.870733701060583,2682.6682965501345,4513.088960993105,1099.8312860057965,35.87881307923482,3222.5318049258653,45.98626330902429,271.7105052154479,459.8506609370119,99.29679031461927,49.44411836563772,50.386961561806736,0.2306793277895228,20.98408880536366,24.369811796570012,0.7949945899435513,71.404127700083,33.77071902514478,1.0189531761169852,6.020499652540818,10.189266484918166,2.200195723435707,11805,5590,6215,88,46,42,8,19,19,36,6,3,7,2,5,99,57,17,43,1,19,47.352816603134265,52.647183396865735,0.745446844557391,0.0592969080897924,57.57575757575758,17.171717171717173,2.3255813953488373,44.18604651162791,9419,111,170,6288,4242,1.1787238560356725,1.8051704002548044,47.91001592525746,5.9478713239197365,2.2952096825565347,28.38323388894787,45.46545599320522,13.569186750185798,1.9228400042467353,0.5638592207240684,9.627822486463533,60.1716190678416,0.9869680935500895,43,low
00BNFF,Blackley,03BNFF,Blackley,12725.902629549013,12.55432264575258,6.877430064396079,5.676892581356501,2822.591497653771,4967.772863527428,1370.3100683094572,8.328957320254922,3212.1746428653673,36.483915167389625,202.71628679447366,39.42125343901673,3.316236825988636,45.44560391695924,54.55439608304076,0.09865172641351166,21.465292246447106,27.58399198099512,0.1676597853618622,64.66025583513742,37.76531027048094,0.7344119018654925,4.080627121315939,0.7935397716840297,0.06675500102542735,11937,5571,6366,91,47,44,7,18,34,28,4,3,11,4,7,106,67,13,41,0,19,46.67001759235989,53.32998240764011,0.7623355952081763,0.0921504565636257,63.20754716981132,12.264150943396226,0.0,46.34146341463415,10229,92,140,6845,4627,0.8994163652360934,1.3687946035780625,53.35505132466516,5.196726952781308,3.8612689412454784,45.12591162381464,41.546981132075466,8.803888943200704,1.5410734187115067,0.39717078893342456,6.508612767621469,50.805691660963916,0.9943223436675543,36,low
00BNFG,Bradford,03BNFG,Bradford,13651.08949612889,74.7160769155874,45.282829899405975,29.43324701618142,2851.0685927049567,5261.750499097983,1759.8093281097524,30.19813045672202,3815.336175051462,40.36586063762725,251.23051029945515,557.5625355663201,257.3932031286371,47.499091751031834,49.64865193621557,0.5473268411050636,20.269186297064884,33.445320685795245,0.5739179473047773,72.51077708275072,29.214951315128527,0.767156493728601,4.774656463519571,10.596521740472157,4.891778946431644,11600,5537,6063,57,34,23,4,10,23,18,2,6,8,5,3,83,43,10,35,1,12,47.73275862068966,52.26724137931034,0.4913793103448275,0.0689655172413793,51.80722891566265,12.048192771084338,2.857142857142857,34.285714285714285,8445,179,241,5850,3829,2.119812907045589,2.8534470100651275,51.8050053285968,6.715501480165779,3.1937193605683833,37.349577264653654,28.318821788040264,15.728638247483715,1.9120071047957372,0.3166583777383067,10.842653641207816,56.840137359384244,0.9843854771864156,48,low
00BNFH,Brooklands,03BNFH,Brooklands,11462.455361539196,18.494457502640845,10.965754321020391,7.528703181620452,2635.2276918917687,4356.262315192934,1096.8766506583167,0.9999999999999998,2312.1385379971525,20.93652479557662,160.63667018194997,8.196545128192232,0.8629199269387714,46.62013544543724,53.379864554562765,0.1613481310880096,22.897882163838247,25.179306738091537,0.0229554587774109,53.076200896656765,47.35596873023288,0.4806075318871005,3.6874884605023044,0.188155453807405,0.0198087228110494,12441,5729,6712,41,24,17,1,5,10,21,4,0,5,2,3,106,73,12,50,1,32,46.04935294590467,53.95064705409533,0.329555501969295,0.0401896953621091,68.86792452830188,11.320754716981131,2.0,64.0,10810,59,183,7488,5049,0.545654024051804,1.6923644773358002,58.358087881591125,4.184233117483811,4.21968362627197,48.17540703052729,40.872975948196114,6.803505087881591,1.536758556891767,0.2788159111933395,5.382524514338575,41.32156244218316,0.9985786428606325,34,low
00BNFJ,Burnage,03BNFJ,Burnage,13717.988158105447,21.104991391869305,8.023384544410499,13.081606847458806,3024.0230139929295,5062.690277811016,1492.4518183546265,2.0,2876.817665458392,45.249687750697014,211.5074504205124,15.0983686853062,2.019144223926511,46.31855640856632,53.681443591433684,0.15384902763164404,21.996114665938393,29.47942173938253,0.03950468802655554,56.823892191608806,43.29117485390869,0.8937873989451686,4.177767922077253,0.2982281723114685,0.03988283132341921,13868,6485,7383,91,41,50,6,14,29,35,7,5,23,9,14,181,106,15,81,2,51,46.76233054513989,53.23766945486011,0.6561869051052783,0.1658494375540813,58.56353591160221,8.287292817679559,2.469135802469136,62.96296296296296,13721,103,804,9334,5510,0.7509241308942496,5.8604627942569785,58.086626339188115,4.831064791195978,5.581408060636979,43.9147576707237,41.58989286495153,9.860765979156039,3.292354784636688,0.8360243422491074,8.927612418919903,40.78206253188543,0.9864466736470818,39,low
00BNFK,Central,03BNFK,Central,11857.16273139687,18.67439200524822,13.646569358957919,5.027822646290302,2213.4158318553136,4416.03692256204,137.65400579928138,14.415007973297763,3722.872155333999,77.70755040199244,307.80130950120997,48.16177077011096,28.041331109788413,46.030230585008695,46.94624483189411,0.1574946083501059,19.040078939883532,3.117138923725734,0.32642408172924986,84.30346531555064,40.03383020984035,1.7596671351404614,6.970080071763389,1.0906106904144515,0.6349886018054339,9040,4554,4486,154,80,74,13,36,35,34,36,23,14,10,4,215,90,29,106,1,14,50.376106194690266,49.62389380530973,1.7035398230088497,0.1548672566371681,41.86046511627907,13.488372093023257,0.9433962264150944,13.20754716981132,11715,710,994,9758,6197,6.060243277848911,8.484377294067434,48.67821681604781,5.50713358941528,4.096091335894154,20.726818608621425,39.147851472471196,31.162511310285954,2.366303883909518,1.4348894579598805,9.824314127187366,63.235253094323504,0.997099516826981,64,low
00BNFL,Charlestown,03BNFL,Charlestown,13541.124301970967,13.007705193497117,4.970660011177568,8.037045182319549,3113.6032719396776,5324.663176864851,1614.1024793696902,4.788430386541704,3299.0137935130447,33.90090311713158,165.83994883545023,43.20348155504328,10.306775885720006,45.79393934069205,54.206060659307944,0.09606074727195135,22.40947627769514,30.31370108785115,0.08992926364520057,61.9572296675392,40.498138848404544,0.6366769500919369,3.114562242284335,0.8113843095795852,0.1935667204359884,12456,5985,6471,25,13,12,1,5,7,12,0,3,1,0,1,42,30,7,18,0,7,48.04913294797688,51.95086705202312,0.2007064868336544,0.0080282594733461,71.42857142857143,16.666666666666668,0.0,38.888888888888886,10840,58,140,7454,5001,0.5349280442804428,1.2919059040590406,55.4929335793358,4.983623616236162,3.8984169741697414,49.36639944649447,38.80978782287823,8.872547970479705,1.2738680811808119,0.1671180811808118,6.066439114391144,46.090931734317344,0.9983924110183557,48,low
00BNFM,Cheetham,03BNFM,Cheetham,14672.456815825217,186.5653628310879,111.11104352517702,75.45431930591089,2875.005217630741,4877.577763291986,1751.7389267357046,7.799630516414394,3369.7977573685826,113.94166499992352,350.09438166474155,124.74393103555977,42.8091143529121,50.443306173038906,49.55669382696109,1.2715345846502326,19.474547126658795,35.91411581213657,0.15990786605420002,69.08752501557721,38.992788186771946,2.3360296960805758,7.177627885289829,2.557497534418955,0.8776715909090759,14102,6996,7106,185,100,85,20,25,58,73,9,19,21,10,11,509,230,89,203,5,77,49.609984399375975,50.390015600624025,1.3118706566444476,0.1489150475109913,45.18664047151277,17.4852652259332,2.4630541871921183,37.93103448275862,12863,225,2406,8597,4807,1.7491712664230739,18.704707300007772,44.528735909196925,6.1622972867915715,4.484194200419809,41.8687048122522,23.004725180750995,21.9910806188292,6.1605659643939985,2.0626758920936017,10.346885640985773,52.57283681878258,0.9819610682843993,46,low
00BNFN,Chorlton,03BNFN,Chorlton,13472.685912755856,38.279689169197546,18.086818655290028,20.192870513907515,3526.6717039297255,5519.43195179675,3393.0977856604786,3.996724905639654,2626.895034244784,42.68504300797641,100.03230686695808,79.78457575623182,58.908297357910335,48.66009570160255,51.33990429839745,0.28412811979053537,26.125294856410136,61.47548905926665,0.07241188840707771,47.5935758822001,52.548559673726054,0.7733593489467894,1.8123659778864454,1.445521503897868,1.067289131787082,13682,6524,7158,87,53,34,5,10,37,34,1,0,11,7,4,237,128,31,127,3,65,47.683087267943286,52.31691273205672,0.6358719485455343,0.0803976026896652,54.0084388185654,13.080168776371307,2.3622047244094486,51.181102362204726,14377,110,481,11117,6560,0.7646511789664047,3.345317521040551,74.97711205397509,3.1578090004868886,8.117974542672323,60.90286081936427,5.495511580997427,26.227002851777147,1.4084989914446686,0.6188926758016277,12.315256312165264,30.975428809904713,0.9953976609430732,43,low
00BNFP,Crumpsall,03BNFP,Crumpsall,12570.396965592063,25.354388934018377,11.634025612169328,13.720363321849048,2985.7868373041424,4890.523682812932,2974.476531413218,2.8678876957934127,2589.9871677636042,67.19760958448433,114.20368234626717,95.76632567668264,37.25872815678021,47.19169040972873,52.80830959027127,0.20169919059373312,23.92836771547137,60.82122742532878,0.05864173004359853,52.959301206653095,48.10943652071388,1.3740370958766852,2.335203543694517,1.9582018591023316,0.7618555920242417,12056,5802,6254,43,30,13,2,8,15,18,0,0,3,2,1,160,110,26,87,0,44,48.12541473125415,51.874585268745854,0.3566688785666888,0.0248838752488387,68.75,16.25,0.0,50.57471264367816,11275,34,964,7904,5006,0.30153259423503326,8.549361419068735,58.8776487804878,4.721901552106431,5.994392017738358,59.49211529933481,6.567574279379157,21.723349889135257,2.3709862527716186,0.7351565410199556,10.452858536585365,43.10710953436807,0.9712825661664888,39,low
00BNFQ,Didsbury,03BNFQ,Didsbury,12587.957992094402,43.90224369573336,18.218875813704482,25.68336788202888,3237.3160195674523,5079.394294591954,3568.79759666358,1.0,1824.5940036554327,23.222375454769196,70.99315227256683,48.74405946519528,38.22786896872522,45.89612771508068,53.932800822031496,0.34876382430975084,25.494498494626615,70.26029856479717,0.019687386763116675,35.92148783562802,65.47860350534715,0.4571878871363486,1.3976696463228586,0.9596431510956576,0.7526068415170396,13387,6360,7027,83,45,38,6,14,26,31,6,5,21,10,11,216,130,19,99,0,59,47.50877717188317,52.49122282811683,0.6200044819601106,0.1568686038694255,60.18518518518518,8.796296296296296,0.0,59.5959595959596,14383,100,707,10725,6214,0.6951387054161162,4.9157908642146975,71.62582840853787,2.1682096919974967,9.558037266217063,71.86117360773135,4.772384759785859,19.59783494403115,1.3702210943474935,0.4201898074115275,7.174243203782243,21.51763748870194,0.9915360108625227,49,low
00BNFR,Fallowfield,03BNFR,Fallowfield,11579.568331794666,104.12536536719938,64.5578545471126,39.56751082008677,2584.630871442567,4084.725340297214,1244.3245696957486,0.23943136649075877,2323.470840263477,49.830805351986555,214.23589808996934,29.41605207763613,0.07028252549694822,49.584682462513335,47.32842329379066,0.8992162953198917,22.673339377987972,30.462869985897473,0.005861627075110445,56.88193566753783,53.76943843255328,1.2199303796607472,5.24480547018569,0.7201476140252737,0.0017206181478981472,10701,5082,5619,104,56,48,2,4,47,46,5,9,31,13,18,274,144,26,93,2,40,47.49088870199047,52.50911129800953,0.971871787683394,0.2896925520979347,52.55474452554745,9.489051094890511,2.150537634408602,43.01075268817204,14117,154,1132,11044,4761,1.0916207409506269,8.018749025997025,46.350265637175035,4.642052844088688,3.923095558546433,32.07052489905788,28.672812212226386,33.712134306155704,3.9323673585039316,0.9573308776652264,7.978540058085996,45.45254940851455,1.0,49,low
00BNFS,Gorton North,03BNFS,Gorton North,13921.857284129883,21.477868717183437,14.866358089558048,6.611510627625389,3320.0362846583216,5356.804994590041,3047.551313215752,14.14895032632829,3292.1365206954356,21.725697531969807,212.08344077182,532.0343263035388,177.66280940248768,48.23069141657932,51.76930858342069,0.15427444972925397,23.488061311131073,56.89121250994843,0.26413039751526585,61.45709100891742,38.08164090300924,0.4055719324095442,3.959140588205243,9.931933808321423,3.316581611276001,13841,6620,7221,108,51,57,16,18,36,34,4,1,13,5,8,119,83,10,54,2,28,47.828914095802325,52.17108590419768,0.7802904414420924,0.0939238494328444,69.74789915966386,8.403361344537815,3.703703703703704,51.851851851851855,12724,145,252,8639,5718,1.1395064445143037,1.9797162841873626,60.01446243319711,5.059294247092109,3.9392887456774597,55.25394451430368,19.859357906318767,16.471048412448916,2.1619278528764543,0.3792298019490726,18.601521534108773,47.95440113171958,0.9774001777434467,41,low
00BNFT,Gorton South,03BNFT,Gorton South,13560.25445262915,33.025452299653416,17.638096148782683,15.387356150870731,3102.2741662643625,5123.946324269174,2193.5686640208114,15.425529608176848,3374.7219464777663,48.21339932288069,241.70949472138085,557.3667596913842,219.54459125934235,48.55693095142835,51.44306904857165,0.24354596305713297,22.881769754465786,42.810141348107884,0.3010478375839931,65.86177397084857,34.04638609175843,0.9409427084456694,4.717252668642187,10.877685370189377,4.284677812089608,13187,6308,6879,57,34,23,3,9,22,21,2,4,12,8,4,122,74,18,58,0,32,47.83498900432244,52.16501099567756,0.4322438765450823,0.0909987108515962,60.65573770491803,14.754098360655735,0.0,55.172413793103445,11458,70,509,7873,5203,0.6111380694711119,4.442446325711294,55.317928085180654,7.204818467446326,4.2184595915517535,37.202969977308435,28.203723162855642,19.523864548786875,3.7037912375632747,1.0027317158317333,14.247068423808694,56.713468319078366,0.9486812794526036,48,low
00BNFU,Harpurhey,03BNFU,Harpurhey,12510.302447754408,50.9258140187282,28.741595886813833,22.184218131914363,2556.7474150636403,4745.631115966217,1390.2291516407365,7.15952639691186,3446.5478545884885,37.77062836852512,238.41719067343018,296.37280959556716,62.9850554708439,47.4413438753387,52.558656124661304,0.4070710059281529,20.16014056767185,29.29492658970995,0.15086563245137882,72.62570078388333,31.248381663878565,0.7959031674722775,5.023930112715643,6.245171661118992,1.3272219001375132,11805,5613,6192,116,58,58,15,18,31,47,5,4,18,10,8,144,73,20,58,0,15,47.54764930114359,52.452350698856414,0.9826344769165608,0.1524777636594663,50.69444444444444,13.88888888888889,0.0,25.86206896551724,8921,102,186,6204,4207,1.1433796659567312,2.0848425064454656,49.683785450061656,6.4029806075552065,2.869195157493554,36.128002466091246,39.67293576953257,14.464558905952249,1.9359802712700367,0.23390202892052459,9.590159174980384,59.89455218024886,1.0,51,low
00BNFW,Hulme,03BNFW,Levenshulme,12384.90214844769,863.6282755510271,651.2958434008183,212.33243215020872,2075.6496013834567,5015.125113785764,128.06031899756874,4.513637099905076,4164.795533475093,79.41688634812485,276.4148227198319,20.47060872237974,2.762949085535238,54.58772829025696,42.32626048465472,6.973234549610658,15.018513139103767,2.5534820386744035,0.09000048847231788,83.04469856647736,27.59706812479987,1.5835474598593906,5.511623667373969,0.4081774284376149,0.05509232617029512,7637,4165,3472,276,210,66,7,3,155,103,8,13,123,100,23,523,139,51,198,7,2,54.53712190650779,45.46287809349221,3.613984548906639,1.6105800707083933,26.577437858508603,9.751434034416826,3.5353535353535355,1.0101010101010102,10405,372,726,8658,4127,3.5760615088899566,6.977629985583853,48.0724997597309,5.764766938971649,2.6955780874579527,18.014313310908218,43.191287842383474,18.38629793368573,4.347212878423836,2.316782316194137,4.434410379625181,59.159074483421435,0.9938618260335136,47,low
00BNFX,Levenshulme,03BNFX,Lightbowne,13524.907960809584,50.85167183844964,23.988425551552172,26.86324628689747,3308.8334420465862,5084.752231636315,3436.7749573431383,13.322287559908464,2621.7689020321523,43.41377119200011,185.63688180822643,265.3698810284871,132.34229466933218,48.023688853900325,51.976311146099675,0.3759853448600158,23.720287724803093,67.58982150517011,0.2620046553501633,51.561389475774824,49.39766320964758,0.8538030805491029,3.6508540308656685,5.218934353918144,2.6027284839155937,13257,6495,6762,77,45,32,5,15,27,29,1,6,10,5,5,194,116,22,78,0,49,48.99298483819869,51.00701516180131,0.5808252244097458,0.075431847325941,59.79381443298969,11.34020618556701,0.0,62.82051282051282,12662,115,1188,9244,5254,0.9078960669720425,9.382531985468331,62.156802242931604,5.215184804928131,6.308031906491865,60.914178644763865,5.163796398673195,24.74174774917075,2.5255725793713473,0.6332893697678091,15.497389038066656,40.62712683620281,0.9734694824799756,43,low
00BNFY,Lightbowne,03BNFY,Longsight,12786.375982725618,17.936196024595603,11.189028445046151,6.7471675795494495,3020.3003681911755,4833.272613473469,2989.852948679784,29.999123800934406,2837.4196157769265,13.511634797947481,188.94502748057835,575.2749076098426,70.3802524618653,47.93979709144583,52.060202908554174,0.14027583772624383,23.423126352061672,61.85980365239738,0.6206793243424211,58.70597093710782,40.70717508265556,0.27955457675368406,3.9092565760488216,11.902388994284697,1.4561614477459812,13182,6183,6999,39,23,16,4,1,17,17,0,1,6,2,4,64,45,9,27,1,14,46.90487027765134,53.09512972234866,0.2958579881656805,0.0455166135639508,70.3125,14.0625,3.703703703703704,51.851851851851855,10484,93,212,7345,4652,0.8875028615032429,2.021872376955361,58.40230160244182,4.590206028233498,4.293497710797404,59.53352537199542,15.64257916825639,16.39623426173216,1.3623702785196492,0.1365433040824113,14.909099580312855,47.70612552460893,0.9999999999999974,40,low
00BNFZ,Longsight,03BNFZ,Moss Side,15976.254190615758,74.43730980799283,47.48964106431451,26.94766874367832,3159.7689263442044,5552.802349182412,2235.7548793139836,38.7891726453088,3679.827565493916,169.74564778071968,419.22597003019774,395.8811071441041,285.1394723281233,50.0568590032946,49.94314099670542,0.4659246712018161,19.818853055714957,40.26354151869233,0.6985512936728258,66.26973794656547,33.68643613950505,3.0569366079762013,7.549808973336211,7.129393092883869,5.135055317971238,14928,7378,7550,230,128,102,21,37,84,84,4,8,36,17,19,425,216,63,198,5,73,49.42390139335477,50.57609860664523,1.5407288317256165,0.2411575562700964,50.8235294117647,14.823529411764708,2.525252525252525,36.86868686868687,16005,253,3120,11488,5816,1.5808728522336772,19.493988128709773,46.63899781318338,6.385540143705092,4.043741330834115,33.202024367385185,22.01982880349891,29.890927210246797,8.096749765698219,3.0037981880662294,12.799613870665416,54.214180568572324,1.0,55,low
00BNGA,Moss Side,03BNGA,Moston,15002.605388443806,69.05849006996749,41.7140286554458,27.344461414521692,2769.3517685812653,5291.679875335796,1905.593469511034,11.20300418042947,3833.421446773904,141.10118734336746,423.17037395233217,541.2964931427201,120.55807789899649,49.62945929653466,50.37054070346534,0.4603099813793797,18.93437329376745,36.01112528353976,0.211709786766316,72.44242919231098,27.694389011892362,2.6664724750458104,7.996900491367666,10.229199533888487,2.278257202611792,13103,6122,6981,154,81,73,10,9,81,48,6,6,45,20,25,406,208,74,169,0,34,46.7221247042662,53.2778752957338,1.1753033656414562,0.3434328016484774,51.23152709359606,18.22660098522168,0.0,20.118343195266277,10942,168,821,7715,4956,1.5352714311825995,7.503004935112411,47.589431548163034,7.623072564430634,3.191241089380369,24.543259002010604,28.197611953938953,20.40357521476878,4.296713580698227,1.5993428989215868,13.68513708645586,63.52933284591482,0.9995127894900768,46,low
00BNGB,Moston,03BNGB,Newton Heath,13662.596899408345,29.78387651106606,20.818632495120724,8.96524401594534,3483.8450683813194,4747.900621401846,2569.7316100664984,1.0007743075728701,2284.419367715893,30.79244018628098,206.08336143449375,56.720053351647145,4.309092328694699,48.909490813984725,51.090509186015275,0.2179957202159411,25.36129990066493,54.12353406225612,0.021078248838270447,48.11430461325461,51.37977021216691,0.6485485405376772,4.340515479737366,1.1946343842154854,0.09075784588394382,12897,6180,6717,107,55,52,11,22,31,38,5,1,15,10,5,88,62,5,35,0,26,47.91812049313794,52.08187950686206,0.8296503062727766,0.1163061177017911,70.45454545454545,5.681818181818182,0.0,74.28571428571429,12453,106,186,8692,5113,0.8512567252870795,1.49352686099735,60.31481731309724,3.9958226933269096,5.123644904842207,63.39492331165181,26.550138119328672,6.697685698225327,1.285565727134024,0.2541235043764555,6.239365614711314,35.87386734120292,0.9699912227339542,30,low
00BNGC,Newton Heath,03BNGC,Northenden,12931.106431552123,11.977760373417102,5.931028084814896,6.046732288602206,2824.205401863692,4856.715387416394,1583.0509376396103,13.218484377494518,3227.4877262397267,30.591474597075592,242.40228755333163,228.03729790205935,104.00819843087262,47.95500061480747,52.04499938519254,0.09262749817131781,21.96346058291201,32.59509383113633,0.27216921979293285,66.45412524279376,34.425395056014615,0.6298799117678833,4.991074588834025,4.6952987711179714,2.1415337349261763,12663,5996,6667,37,19,18,5,10,12,9,1,2,4,1,3,62,39,7,30,0,12,47.35054884308616,52.64945115691384,0.2921898444286504,0.0315880912895838,62.903225806451616,11.290322580645162,0.0,40.0,10691,42,95,7378,4887,0.3927995510242259,0.8881853895800206,53.24687494153962,5.676356748667104,3.939612758394911,40.96554859227387,39.72567206061173,11.038913104480406,2.0135188476288466,0.12594892900570573,7.319054344775978,53.71469927976803,0.9831420955935976,36,low
00BNGD,Northenden,03BNGD,Old Moat,12337.68550898366,25.84248288130992,11.872878757775966,13.969604123533951,2890.383285546821,4834.623180606282,1698.2282046480314,0.9999999999999996,2516.931261356472,24.33210790768856,149.6306832628956,17.266146169749067,15.892304287166379,45.01096348477799,51.34040108877,0.20945973102080426,22.575185167778194,35.12638195796402,0.020684135301618178,52.060546754769796,49.83981120335009,0.5032886121362039,3.094981297883308,0.3571353035126063,0.32871857213023614,12544,5777,6767,47,20,27,9,11,7,20,0,1,11,6,5,85,62,13,50,2,22,46.05389030612245,53.94610969387755,0.3746811224489796,0.0876913265306122,72.94117647058823,15.294117647058824,4.0,44.0,12678,81,229,8967,5612,0.6389036125571856,1.8061105852658148,61.97698217384445,3.940055213756113,5.270373087237735,55.67867802492506,32.158295472472,8.569835147499605,1.8373883893358574,0.4997002681811011,6.475573434295629,37.00177393910712,0.9932777866068927,41,low
00BNGE,Old Moat,03BNGE,Rusholme,14027.745262357595,72.98355332600045,43.351765896876316,29.631787429124135,3258.319908925474,5588.137726800341,1932.3756445921615,0.0,2966.1383754907592,87.24722815576814,196.74363287404807,21.18453239577502,1.0537115368867402,46.630849698992904,50.48295509566585,0.5202800019604459,22.979031378631845,34.579957385885734,0.0,53.07919239830749,48.415779987390316,1.561293447320315,3.520737005648207,0.3790982511790179,0.01885621987864059,13276,6442,6834,75,36,39,1,8,26,37,3,3,25,15,10,294,171,35,142,9,49,48.52365170231997,51.476348297680026,0.5649291955408255,0.1883097318469418,58.16326530612245,11.904761904761903,6.338028169014085,34.50704225352113,15309,125,765,11987,6214,0.8159383369259913,4.996639231824418,55.25126722842772,4.054865765236136,4.290883140636226,37.23444967012868,26.271799595009465,31.764248481285517,1.845086550395192,0.5622196093801033,6.950390619896793,40.13559997387158,1.0,50,low
00BNGF,Rusholme,03BNGF,Sharston,11439.956800889278,49.61911537846368,20.38327519986911,29.23584017859457,2491.631280331081,4080.4260906753348,1664.3021170989693,5.241958689947952,2496.4878701651246,90.37374774344029,253.71783587575678,113.3104739172772,18.649794998114935,49.96674168371574,50.03325831628427,0.4337351638828441,22.548554067492226,40.78745895930485,0.12846596344256725,61.18203870596124,41.57126176005141,2.2148115352454014,6.217925046003344,2.776927492357144,0.4570550864953489,10457,5209,5248,132,70,62,5,10,85,32,0,1,32,17,15,394,170,25,139,6,55,49.81352204265085,50.18647795734915,1.2623123266711294,0.3060151094960314,43.14720812182741,6.345177664974619,4.316546762589928,39.568345323741006,14355,403,2219,11582,4386,2.806768373389063,15.4581776384535,41.24524695228143,3.799722744688262,3.0660794148380357,31.95808011145943,23.824352490421457,37.77589341692791,5.14552490421456,1.9468443051201672,7.8460466736328796,48.89047788227098,0.9999999999999994,45,low
00BNGG,Sharston,03BNGG,Whalley Range,11420.102844139998,8.75629351877588,3.733886007642843,5.022407511133038,2501.479915213224,4199.537831316159,956.114511283237,2.9989193930891473,2379.2225256787215,31.427573275707662,182.12315727680485,5.95263337482746,0.9947763490770598,46.89774102284645,53.10225897715354,0.07667438409513976,20.78295684507958,22.767136520439088,0.07141070073773496,56.654389631562374,42.47581221771747,0.7483579036090761,4.336742865338742,0.1417449637062055,0.02368775777322361,11866,5564,6302,33,13,20,6,8,6,11,2,1,3,0,3,79,53,8,38,1,19,46.890274734535645,53.10972526546436,0.2781055115455924,0.0252823192314174,67.0886075949367,10.126582278481012,2.631578947368421,50.0,10100,31,126,7017,4455,0.306880198019802,1.2476247524752475,62.35655148514853,4.945913861386138,3.9327653465346537,47.785522772277226,20.7595396039604,6.324608910891088,1.3119683168316831,0.06044158415841584,9.311358415841584,42.18521386138614,0.9908514539603213,37,low
00BNGH,Whalley Range,03BNGH,Withington,12425.827056150261,105.79569948439199,64.55575192378858,41.23994756060341,3025.897434328786,4811.447814815934,2819.76234404418,0.0,2175.178091481784,89.4762911223089,144.44832738633428,17.660754323622125,1.0,49.341816413144045,47.53681434567958,0.8514177688641463,23.723086046653645,58.605277508388646,0.0,45.20838997325792,55.991513823460714,1.8596541948721494,3.0021800702385932,0.3670569650415662,0.02078376485598973,12582,6348,6234,141,67,74,10,25,48,51,7,4,16,7,9,443,261,70,196,7,89,50.453028135431566,49.546971864568434,1.1206485455412494,0.1271657924018439,58.91647855530474,15.801354401805868,3.571428571428572,45.40816326530612,12015,115,1688,8854,5006,0.9569221806075738,14.048504369538078,62.193622138992936,5.294844777361631,8.230448605909281,57.03808406158968,6.205488139825219,24.997966708281314,4.369566375364128,1.560475239284228,9.497173533083647,33.62415314190595,0.9956667340026476,43,low
00BNGJ,Withington,03BNGJ,Woodhouse Park,12419.621910339383,89.32072111397643,48.53284652079261,40.787874593183815,3044.2989910085657,5000.186881952263,2788.2067721396115,2.148532242485279,2352.935850787637,60.9818032572348,139.5585411242209,29.887462257820662,20.538952678413658,48.00122717537446,51.99877282462554,0.7191903405659764,24.51280567883447,55.762051258591946,0.04296903882213318,47.05695819650967,52.22660732058873,1.2195904812546763,2.7910665024930417,0.5977269042822547,0.41076370070381185,12152,5900,6252,116,59,57,4,15,47,47,3,1,33,19,14,278,149,29,132,1,70,48.55167873601053,51.44832126398947,0.9545753785385122,0.271560236998025,53.59712230215828,10.431654676258994,0.7575757575757576,53.03030303030303,14115,176,799,11424,5646,1.2464116188452001,5.660579525327666,55.72055118668084,3.092899752036841,5.4023067658519315,45.17028409493448,14.022508678710588,34.52793836344315,1.7911859723698194,0.5887070492383989,8.431006730428622,38.20909953949698,1.0,48,low
00BNGK,Woodhouse Park,03BNGK,Unknown,13817.448899303225,15.258690809901857,5.064066572375821,10.194624237526037,3169.7655866040895,4789.023653169245,340.51100934266464,5.709323493389381,2794.459857365503,28.75730266704866,208.41096351600257,12.831147052147552,10.245747640878623,48.42587552485041,51.57412447514959,0.11043059338306155,23.466261411048848,7.110238620711838,0.1192168572734258,58.351347993785865,44.39820198172741,0.6004836215001331,4.35184661028103,0.2679282455340609,0.2139423060501751,11386,5447,5939,0,0,0,0,0,0,0,0,0,0,0,0,22,15,2,14,0,6,47.83945195854558,52.16054804145442,0.0,0.0,68.18181818181819,9.090909090909092,0.0,42.85714285714285,10931,71,124,7283,4772,0.6498453938340499,1.1342786570304635,59.09397127435733,5.6088125514591525,3.1189250754734243,39.37828012075747,48.03184795535634,7.743007959015643,2.254908059646876,0.24199798737535447,9.484296953618154,48.705800018296586,0.9204883618678394,43,low
