zoneid,geography_name,TOTAL_RES_1981,TOTAL_RES_1991,POP_CHANGE_PCT,CHINESE_BORN_1981,CHINESE_ETHNIC_1991,PCT_CHINESE_1981,PCT_CHINESE_1991,CHINA_BORN_1991,PCT_CHINA_BORN_1991,TOTAL_HH_1981,PCT_OWNER_OCC_1981,PCT_NO_CAR_1981,PCT_OVERCROWD_1981,CHINESE_HOUSEHOLDS_1991,PCT_CHINESE_OWNER_OCC_1991,PCT_CHINESE_OVERCROWD_1991,ward_name_2001,oa_count,TOTAL_POP_2001,CHINESE_ETHNIC_2001,PCT_CHINESE_ETHNIC_2001,ASIA_BORN_2001,PCT_ASIA_BORN_2001,UNEMPLOYMENT_RATE_2001,ECON_ACTIVE_RATE_2001,SELF_EMP_RATE_2001,PCT_OWNER_OCC_2001,PCT_COUNCIL_RENT_2001,PCT_PRIVATE_RENT_2001,PCT_OVERCROWD_2001,PCT_NO_BATH_WC_2001,PCT_NO_CAR_2001,GEOGRAPHY_MATCH_TYPE,WARD_CODE_2001
03BN,Manchester,1312935.0,404880.0,-69.16222052119869,7142.0,3103.0,0.5439720930586815,0.7663999209642364,655.0,0.1617763287887769,492010.0,35.94845633218837,60.44186093778582,1.16379748379098,2934.0,38.41172460804363,2.2494887525562373,,,,,,,,,,,,,,,,,unmatched,
00BNFA,,,,,,,,,,,,,,,,,,,34.0,9887.0,577.0,5.835946191969253,1222.0,12.359664205522403,7.3217084703979936,43.45142445610764,2.172914404851846,11.2688099803745,56.654599230095535,18.10137764409784,3.9873137226342594,5.590816362065092,64.518120989716,new_2001,00BNFA
00BNFB,,,,,,,,,,,,,,,,,,,40.0,11369.0,48.0,0.4222007212595655,146.0,1.2841938604978451,4.626965567673387,62.54470747767012,3.8177167763665567,47.863828949378345,38.836689356193105,8.142464099959636,1.6363957889141802,7.175281388556942,41.83801883337796,new_2001,00BNFB
00BNFC,,,,,,,,,,,,,,,,,,,47.0,12865.0,112.0,0.8705790905557714,627.0,4.873688301593471,4.780741078755814,63.0842886059019,5.487209742091641,37.13411076095467,29.355967850955707,28.67013361699848,1.8417933584086066,6.564646686858848,40.079731097082885,new_2001,00BNFC
00BNFD,,,,,,,,,,,,,,,,,,,35.0,10432.0,9.0,0.08627300613496933,68.0,0.651840490797546,7.380538566086605,52.0319812720565,1.8219807660449765,19.93543189274486,32.98016432764992,7.395799751666282,3.332672130030423,4.5132646624372565,55.5875593285938,new_2001,00BNFD
00BNFE,,,,,,,,,,,,,,,,,,,34.0,9419.0,111.0,1.1784690519163392,170.0,1.8048625119439432,5.948832562647895,47.90942886215232,2.2949919182569603,28.383523749612316,45.4655040025271,13.569378755545918,1.922873693580353,9.62794592461619,60.17182244174421,new_2001,00BNFE
00BNFF,,,,,,,,,,,,,,,,,,,37.0,10229.0,92.0,0.8994036562713853,140.0,1.368657737804282,5.197332501633777,53.35463732213926,3.8614959340773636,45.125452412047125,41.54724488439219,8.803707839141229,1.5414228475871894,6.508669642680577,50.80618273968662,new_2001,00BNFF
00BNFG,,,,,,,,,,,,,,,,,,,31.0,8445.0,179.0,2.11959739490823,241.0,2.8537596210775606,6.715488130247844,51.80471771082755,3.1945915896853614,37.3498869354313,28.317889322124497,15.729041267760081,1.9120051584943827,10.843173930993837,56.84030867266544,new_2001,00BNFG
00BNFH,,,,,,,,,,,,,,,,,,,40.0,10810.0,59.0,0.545790934320074,183.0,1.692876965772433,4.18361044504387,58.358165981422964,4.219504248982602,48.17511134530107,40.87377546456088,6.803712536143658,1.5366576923597777,5.382952211375789,41.32186846509407,new_2001,00BNFH
00BNFJ,,,,,,,,,,,,,,,,,,,44.0,13721.0,103.0,0.750674149114496,804.0,5.859631222214125,4.830785778740122,58.08577116172197,5.5813884813489,43.914793658506426,41.58980292616661,9.861107013389994,3.2923776484198033,8.927279226013757,40.781751603241,new_2001,00BNFJ
00BNFK,,,,,,,,,,,,,,,,,,,50.0,11715.0,710.0,6.0606060606060606,994.0,8.484848484848484,5.5076781819978295,48.67831597557611,4.096751658286664,20.726667221528412,39.14822724710787,31.162590812681852,2.366327729968882,9.82405950550287,63.23519237910316,new_2001,00BNFK
00BNFL,,,,,,,,,,,,,,,,,,,40.0,10840.0,58.0,0.5350553505535055,140.0,1.2915129151291513,4.9843574983821695,55.49270829477818,3.898519265281987,49.36555659292723,38.81035824835336,8.873002309553344,1.2736523009703076,6.066871915870544,46.09104730785118,new_2001,00BNFL
00BNFM,,,,,,,,,,,,,,,,,,,39.0,12863.0,225.0,1.7492031407914173,2406.0,18.704812252196223,6.162032358302469,44.52839419391158,4.483571463926753,41.868326668898774,23.004715060246568,21.99187424491049,6.160250391130409,10.346851019783335,52.572677130310055,new_2001,00BNFM
00BNFN,,,,,,,,,,,,,,,,,,,53.0,14377.0,110.0,0.7651109410864575,481.0,3.3456214787507825,3.1575401540709973,74.97652074245164,8.118553229569104,60.90266934810087,5.495358160600105,26.226450778766363,1.4083449329676907,12.315462452653112,30.974976748825917,new_2001,00BNFN
00BNFP,,,,,,,,,,,,,,,,,,,40.0,11275.0,34.0,0.30155210643015523,964.0,8.54988913525499,4.721935765055536,58.8775463057812,5.9939766963819565,59.492259412893546,6.567223238547432,21.723283259875792,2.3704158261649497,10.45272518673889,43.10685124586199,new_2001,00BNFP
00BNFQ,,,,,,,,,,,,,,,,,,,50.0,14383.0,100.0,0.6952652436904679,707.0,4.915525272891609,2.1691010006735176,71.6256421856035,9.557562914602032,71.86089756726876,4.77227640297601,19.597988388701093,1.3705743516460343,7.174353668086642,21.517385945878356,new_2001,00BNFQ
00BNFR,,,,,,,,,,,,,,,,,,,38.0,14117.0,154.0,1.0908833321527236,1132.0,8.018700857122617,4.641915079316926,46.35002879996631,3.9240359804453466,32.071728202513704,28.673501228748506,33.71129051231228,3.9318815728613097,7.9785264585696005,45.45349315765105,new_2001,00BNFR
00BNFS,,,,,,,,,,,,,,,,,,,46.0,12724.0,145.0,1.1395787488211255,252.0,1.9805092738132664,5.05918352574571,60.013724091733835,3.9391239751204172,55.25358714661577,19.859628991576017,16.471472201221893,2.161912849835817,18.60196750161242,47.95379345053416,new_2001,00BNFS
00BNFT,,,,,,,,,,,,,,,,,,,41.0,11458.0,70.0,0.6109268633269331,509.0,4.4423110490486994,7.204622119005084,55.31823184050799,4.218718483930755,37.20326286856417,28.203801116112196,19.52406322323856,3.703917653355351,14.246941579307629,56.71372028883237,new_2001,00BNFT
00BNFU,,,,,,,,,,,,,,,,,,,34.0,8921.0,102.0,1.1433695774016366,186.0,2.0849680529088666,6.402921872557432,49.68370235224582,2.869515213329715,36.12846400004591,39.673378840922254,14.46433391443996,1.935492986830186,9.590128218639503,59.89490424870748,new_2001,00BNFU
00BNFW,,,,,,,,,,,,,,,,,,,33.0,10405.0,372.0,3.5752042287361845,726.0,6.977414704469005,5.764629065323204,48.072968568447905,2.6958144733248153,18.014901861057727,43.191250351252755,18.386835651980952,4.348165444495344,4.434426908204,59.15987712517262,new_2001,00BNFW
00BNFX,,,,,,,,,,,,,,,,,,,42.0,12662.0,115.0,0.908229347654399,1188.0,9.38240404359501,5.2148801571698336,62.15707104100209,6.307692448049759,60.91352303173291,5.163585043279914,24.74218422855597,2.525554904891037,15.497414075261066,40.62645144080625,new_2001,00BNFX
00BNFY,,,,,,,,,,,,,,,,,,,37.0,10484.0,93.0,0.8870660053414727,212.0,2.0221289584128197,4.589470996962776,58.40254014789705,4.293523231549186,59.53305019137952,15.643629579560711,16.396612511379622,1.3624423297978674,14.908456099328006,47.70653466706721,new_2001,00BNFY
00BNFZ,,,,,,,,,,,,,,,,,,,46.0,16005.0,253.0,1.5807560137457044,3120.0,19.49390815370197,6.3858958466448,46.639832694166664,4.043460457159186,33.20258367923549,22.020801635213115,29.89097180961515,8.097889703233282,12.799870815120856,54.21332281119888,new_2001,00BNFZ
00BNGA,,,,,,,,,,,,,,,,,,,40.0,10942.0,168.0,1.5353683056114056,821.0,7.503198683970024,7.623323701751633,47.589045375196925,3.1906596193844976,24.543039410140942,28.19823186662127,20.403719926757212,4.296756044309406,13.68480322426995,63.5296431894909,new_2001,00BNGA
00BNGB,,,,,,,,,,,,,,,,,,,41.0,12453.0,106.0,0.8512005139323857,186.0,1.493615996145507,3.995518685452053,60.31456419708771,5.123971854521065,63.3942938177341,26.550187698883725,6.697596230799881,1.285630020682068,6.239528158441409,35.87391922358653,new_2001,00BNGB
00BNGC,,,,,,,,,,,,,,,,,,,39.0,10691.0,42.0,0.3928538022635862,95.0,0.8885978860723973,5.675647485707798,53.24637795702105,3.939234996984743,40.96584561952004,39.72634731511137,11.038393705014743,2.012923440879254,7.318609269295639,53.7146177030437,new_2001,00BNGC
00BNGD,,,,,,,,,,,,,,,,,,,45.0,12678.0,81.0,0.6389020350212967,229.0,1.806278592837987,3.940370350735467,61.97661464838473,5.270122981899461,55.67887555751861,32.158337978703386,8.569636036542002,1.8374097808458374,6.476201220148575,37.00230725560951,new_2001,00BNGD
00BNGE,,,,,,,,,,,,,,,,,,,50.0,15309.0,125.0,0.8165131621921745,765.0,4.997060552616108,4.0543111991760785,55.25167519936258,4.291167771166563,37.23350162552001,26.27194001218066,31.763499167908492,1.8449933903220732,6.950477384259467,40.13588528645689,new_2001,00BNGE
00BNGF,,,,,,,,,,,,,,,,,,,35.0,14355.0,403.0,2.8073841866945317,2219.0,15.458028561476837,3.8002928189789156,41.24542226319886,3.066222194552877,31.958279340343914,23.824708162846758,37.77667533991796,5.145322152586898,7.8463065209829805,48.8912101649187,new_2001,00BNGF
00BNGG,,,,,,,,,,,,,,,,,,,36.0,10100.0,31.0,0.3069306930693069,126.0,1.2475247524752475,4.947042313702506,62.356045602211324,3.932576436024423,47.78590035610507,20.75975998982881,6.324696866767087,1.3119594898704152,9.31103353505542,42.18534481121246,new_2001,00BNGG
00BNGH,,,,,,,,,,,,,,,,,,,40.0,12015.0,115.0,0.9571369121930919,1688.0,14.04910528506034,5.295440384062594,62.19438488673444,8.229853210982585,57.037633651052246,6.205279690563583,24.998203868924325,4.36969246287312,9.49733648044311,33.624215928472005,new_2001,00BNGH
00BNGJ,,,,,,,,,,,,,,,,,,,45.0,14115.0,176.0,1.246900460503011,799.0,5.660644704215374,3.0929160232317585,55.720133753060544,5.402146576864611,45.16995976075746,14.022161580781273,34.52753401355326,1.7913457847748284,8.431253577256529,38.20903889343619,new_2001,00BNGJ
00BNGK,,,,,,,,,,,,,,,,,,,39.0,10931.0,71.0,0.6495288628670753,124.0,1.1343884365565822,5.608771416636222,59.09446772730192,3.1192300485703846,39.37827526535577,48.03130730637197,7.743385295908276,2.2554486918111394,9.484561287296964,48.7061624311868,new_2001,00BNGK
